road;trip_count;trip_profit;total_profit
"Ростов-на-Дону <-> Аксай";"1";"128.75";"128.75"
"Ростов-на-Дону <-> Азов";"1";"55";"55"
"Ростов-на-Дону <-> Мюнхен";"0";"0";"0"
"Аксай <-> Азов";"1";"48.90";"48.90"
"Таганрог <-> Неклиновский район";"1";"52.70";"52.70"
"Таганрог <-> Азов";"0";"0";"0"
"Неклиновский район <-> Азов";"1";"32.35";"32.35"
"Мюнхен <-> Аугсбург";"0";"0";"0"
"Мюнхен <-> Регенсбург";"0";"0";"0"
"Нюрнберг <-> Регенсбург";"1";"22.80";"22.80"
"Нюрнберг <-> Аугсбург";"1";"7.10";"7.10"
"Аугсбург <-> Регенсбург";"0";"0";"0"
"Ростов-на-Дону <-> Аксай";"2";"167.01";"295.76"
"Ростов-на-Дону <-> Азов";"2";"324.80";"379.80"
"Ростов-на-Дону <-> Мюнхен";"1";"277.55";"277.55"
"Аксай <-> Азов";"2";"145.45";"194.35"
"Таганрог <-> Неклиновский район";"2";"322.50";"375.20"
"Таганрог <-> Азов";"0";"0";"0"
"Неклиновский район <-> Азов";"2";"302.15";"334.50"
"Мюнхен <-> Аугсбург";"0";"0";"0"
"Мюнхен <-> Регенсбург";"0";"0";"0"
"Нюрнберг <-> Регенсбург";"2";"292.60";"315.40"
"Нюрнберг <-> Аугсбург";"2";"276.90";"284.00"
"Аугсбург <-> Регенсбург";"0";"0";"0"
"Ростов-на-Дону <-> Аксай";"3";"155.75";"451.51"
"Ростов-на-Дону <-> Азов";"3";"276.07";"655.88"
"Ростов-на-Дону <-> Мюнхен";"2";"287.55";"565.10"
"Аксай <-> Азов";"3";"107.97";"302.32"
"Таганрог <-> Неклиновский район";"3";"314.27";"689.48"
"Таганрог <-> Азов";"1";"19.40";"19.40"
"Неклиновский район <-> Азов";"3";"253.42";"587.93"
"Мюнхен <-> Аугсбург";"1";"9.68";"9.68"
"Мюнхен <-> Регенсбург";"0";"0";"0"
"Нюрнберг <-> Регенсбург";"3";"284.37";"599.78"
"Нюрнберг <-> Аугсбург";"3";"268.67";"552.68"
"Аугсбург <-> Регенсбург";"0";"0";"0"
"Ростов-на-Дону <-> Аксай";"4";"94.97";"546.47"
"Ростов-на-Дону <-> Азов";"4";"223.72";"879.60"
"Ростов-на-Дону <-> Мюнхен";"3";"156.22";"721.32"
"Аксай <-> Азов";"4";"116.40";"418.72"
"Таганрог <-> Неклиновский район";"4";"206.50";"895.98"
"Таганрог <-> Азов";"2";"55.85";"75.25"
"Неклиновский район <-> Азов";"4";"109.20";"697.13"
"Мюнхен <-> Аугсбург";"1";"0";"9.68"
"Мюнхен <-> Регенсбург";"0";"0";"0"
"Нюрнберг <-> Регенсбург";"4";"196.85";"796.63"
"Нюрнберг <-> Аугсбург";"4";"201.40";"754.08"
"Аугсбург <-> Регенсбург";"0";"0";"0"
"Ростов-на-Дону <-> Аксай";"5";"6.11";"552.59"
"Ростов-на-Дону <-> Азов";"5";"134.86";"1014.46"
"Ростов-на-Дону <-> Мюнхен";"4";"67.36";"788.69"
"Аксай <-> Азов";"5";"62.40";"481.12"
"Таганрог <-> Неклиновский район";"5";"193.31";"1089.29"
"Таганрог <-> Азов";"2";"0";"75.25"
"Неклиновский район <-> Азов";"5";"172.96";"870.09"
"Мюнхен <-> Аугсбург";"1";"0";"9.68"
"Мюнхен <-> Регенсбург";"0";"0";"0"
"Нюрнберг <-> Регенсбург";"5";"163.41";"960.04"
"Нюрнберг <-> Аугсбург";"5";"147.71";"901.79"
"Аугсбург <-> Регенсбург";"0";"0";"0"
"Ростов-на-Дону <-> Аксай";"6";"74.75";"627.34"
"Ростов-на-Дону <-> Азов";"6";"41.50";"1055.96"
"Ростов-на-Дону <-> Мюнхен";"4";"0";"788.69"
"Аксай <-> Азов";"6";"62.40";"543.52"
"Таганрог <-> Неклиновский район";"6";"127.70";"1217.00"
"Таганрог <-> Азов";"2";"0";"75.25"
"Неклиновский район <-> Азов";"6";"107.35";"977.45"
"Мюнхен <-> Аугсбург";"1";"0";"9.68"
"Мюнхен <-> Регенсбург";"0";"0";"0"
"Нюрнберг <-> Регенсбург";"6";"97.80";"1057.85"
"Нюрнберг <-> Аугсбург";"6";"82.10";"983.90"
"Аугсбург <-> Регенсбург";"0";"0";"0"
"Ростов-на-Дону <-> Аксай";"7";"74.75";"702.09"
"Ростов-на-Дону <-> Азов";"7";"41.50";"1097.46"
"Ростов-на-Дону <-> Мюнхен";"4";"0";"788.69"
"Аксай <-> Азов";"7";"62.40";"605.92"
"Таганрог <-> Неклиновский район";"7";"39.20";"1256.20"
"Таганрог <-> Азов";"2";"0";"75.25"
"Неклиновский район <-> Азов";"7";"18.85";"996.30"
"Мюнхен <-> Аугсбург";"1";"0";"9.68"
"Мюнхен <-> Регенсбург";"0";"0";"0"
"Нюрнберг <-> Регенсбург";"7";"9.30";"1067.15"
"Нюрнберг <-> Аугсбург";"6";"0";"983.90"
"Аугсбург <-> Регенсбург";"0";"0";"0"
"Ростов-на-Дону <-> Аксай";"8";"74.75";"776.84"
"Ростов-на-Дону <-> Азов";"7";"0";"1097.46"
"Ростов-на-Дону <-> Мюнхен";"4";"0";"788.69"
"Аксай <-> Азов";"8";"62.40";"668.32"
"Таганрог <-> Неклиновский район";"8";"39.20";"1295.40"
"Таганрог <-> Азов";"2";"0";"75.25"
"Неклиновский район <-> Азов";"7";"0";"996.30"
"Мюнхен <-> Аугсбург";"1";"0";"9.68"
"Мюнхен <-> Регенсбург";"0";"0";"0"
"Нюрнберг <-> Регенсбург";"8";"9.30";"1076.45"
"Нюрнберг <-> Аугсбург";"6";"0";"983.90"
"Аугсбург <-> Регенсбург";"0";"0";"0"
"Ростов-на-Дону <-> Аксай";"9";"74.75";"851.59"
"Ростов-на-Дону <-> Азов";"7";"0";"1097.46"
"Ростов-на-Дону <-> Мюнхен";"4";"0";"788.69"
"Аксай <-> Азов";"9";"62.40";"730.72"
"Таганрог <-> Неклиновский район";"9";"39.20";"1334.60"
"Таганрог <-> Азов";"2";"0";"75.25"
"Неклиновский район <-> Азов";"7";"0";"996.30"
"Мюнхен <-> Аугсбург";"1";"0";"9.68"
"Мюнхен <-> Регенсбург";"0";"0";"0"
"Нюрнберг <-> Регенсбург";"9";"9.30";"1085.75"
"Нюрнберг <-> Аугсбург";"6";"0";"983.90"
"Аугсбург <-> Регенсбург";"0";"0";"0"
"Ростов-на-Дону <-> Аксай";"10";"74.75";"926.34"
"Ростов-на-Дону <-> Азов";"7";"0";"1097.46"
"Ростов-на-Дону <-> Мюнхен";"4";"0";"788.69"
"Аксай <-> Азов";"10";"62.40";"793.12"
"Таганрог <-> Неклиновский район";"10";"39.20";"1373.80"
"Таганрог <-> Азов";"2";"0";"75.25"
"Неклиновский район <-> Азов";"7";"0";"996.30"
"Мюнхен <-> Аугсбург";"1";"0";"9.68"
"Мюнхен <-> Регенсбург";"0";"0";"0"
"Нюрнберг <-> Регенсбург";"10";"9.30";"1095.05"
"Нюрнберг <-> Аугсбург";"6";"0";"983.90"
"Аугсбург <-> Регенсбург";"0";"0";"0"
"Ростов-на-Дону <-> Аксай";"11";"74.75";"1001.09"
"Ростов-на-Дону <-> Азов";"7";"0";"1097.46"
"Ростов-на-Дону <-> Мюнхен";"4";"0";"788.69"
"Аксай <-> Азов";"11";"62.40";"855.52"
"Таганрог <-> Неклиновский район";"11";"39.20";"1413.00"
"Таганрог <-> Азов";"2";"0";"75.25"
"Неклиновский район <-> Азов";"7";"0";"996.30"
"Мюнхен <-> Аугсбург";"1";"0";"9.68"
"Мюнхен <-> Регенсбург";"0";"0";"0"
"Нюрнберг <-> Регенсбург";"11";"9.30";"1104.35"
"Нюрнберг <-> Аугсбург";"6";"0";"983.90"
"Аугсбург <-> Регенсбург";"0";"0";"0"
"Ростов-на-Дону <-> Аксай";"12";"74.75";"1075.84"
"Ростов-на-Дону <-> Азов";"7";"0";"1097.46"
"Ростов-на-Дону <-> Мюнхен";"4";"0";"788.69"
"Аксай <-> Азов";"12";"42.66";"898.18"
"Таганрог <-> Неклиновский район";"12";"39.20";"1452.20"
"Таганрог <-> Азов";"2";"0";"75.25"
"Неклиновский район <-> Азов";"7";"0";"996.30"
"Мюнхен <-> Аугсбург";"1";"0";"9.68"
"Мюнхен <-> Регенсбург";"0";"0";"0"
"Нюрнберг <-> Регенсбург";"12";"9.30";"1113.65"
"Нюрнберг <-> Аугсбург";"6";"0";"983.90"
"Аугсбург <-> Регенсбург";"0";"0";"0"
"Ростов-на-Дону <-> Аксай";"13";"74.75";"1150.59"
"Ростов-на-Дону <-> Азов";"7";"0";"1097.46"
"Ростов-на-Дону <-> Мюнхен";"4";"0";"788.69"
"Аксай <-> Азов";"13";"4.45";"902.63"
"Таганрог <-> Неклиновский район";"12";"0";"1452.20"
"Таганрог <-> Азов";"3";"36.85";"112.10"
"Неклиновский район <-> Азов";"7";"0";"996.30"
"Мюнхен <-> Аугсбург";"1";"0";"9.68"
"Мюнхен <-> Регенсбург";"0";"0";"0"
"Нюрнберг <-> Регенсбург";"12";"0";"1113.65"
"Нюрнберг <-> Аугсбург";"6";"0";"983.90"
"Аугсбург <-> Регенсбург";"0";"0";"0"
"Ростов-на-Дону <-> Аксай";"14";"74.75";"1225.34"
"Ростов-на-Дону <-> Азов";"7";"0";"1097.46"
"Ростов-на-Дону <-> Мюнхен";"4";"0";"788.69"
"Аксай <-> Азов";"14";"1309.08";"2211.71"
"Таганрог <-> Неклиновский район";"12";"0";"1452.20"
"Таганрог <-> Азов";"4";"71.41";"183.50"
"Неклиновский район <-> Азов";"7";"0";"996.30"
"Мюнхен <-> Аугсбург";"1";"0";"9.68"
"Мюнхен <-> Регенсбург";"0";"0";"0"
"Нюрнберг <-> Регенсбург";"12";"0";"1113.65"
"Нюрнберг <-> Аугсбург";"6";"0";"983.90"
"Аугсбург <-> Регенсбург";"0";"0";"0"
"Ростов-на-Дону <-> Аксай";"15";"62.56";"1287.90"
"Ростов-на-Дону <-> Азов";"7";"0";"1097.46"
"Ростов-на-Дону <-> Мюнхен";"4";"0";"788.69"
"Аксай <-> Азов";"15";"3.95";"2215.66"
"Таганрог <-> Неклиновский район";"12";"0";"1452.20"
"Таганрог <-> Азов";"5";"82.45";"265.95"
"Неклиновский район <-> Азов";"7";"0";"996.30"
"Мюнхен <-> Аугсбург";"1";"0";"9.68"
"Мюнхен <-> Регенсбург";"0";"0";"0"
"Нюрнберг <-> Регенсбург";"12";"0";"1113.65"
"Нюрнберг <-> Аугсбург";"6";"0";"983.90"
"Аугсбург <-> Регенсбург";"0";"0";"0"
"Ростов-на-Дону <-> Аксай";"16";"31.16";"1319.05"
"Ростов-на-Дону <-> Азов";"7";"0";"1097.46"
"Ростов-на-Дону <-> Мюнхен";"5";"17.59";"806.28"
"Аксай <-> Азов";"16";"1341.20";"3556.86"
"Таганрог <-> Неклиновский район";"12";"0";"1452.20"
"Таганрог <-> Азов";"6";"52.07";"318.02"
"Неклиновский район <-> Азов";"7";"0";"996.30"
"Мюнхен <-> Аугсбург";"1";"0";"9.68"
"Мюнхен <-> Регенсбург";"0";"0";"0"
"Нюрнберг <-> Регенсбург";"12";"0";"1113.65"
"Нюрнберг <-> Аугсбург";"6";"0";"983.90"
"Аугсбург <-> Регенсбург";"0";"0";"0"
"Ростов-на-Дону <-> Аксай";"17";"2.71";"1321.76"
"Ростов-на-Дону <-> Азов";"8";"19.36";"1116.82"
"Ростов-на-Дону <-> Мюнхен";"6";"46.04";"852.32"
"Аксай <-> Азов";"17";"36.65";"3593.50"
"Таганрог <-> Неклиновский район";"12";"0";"1452.20"
"Таганрог <-> Азов";"7";"4.65";"322.67"
"Неклиновский район <-> Азов";"7";"0";"996.30"
"Мюнхен <-> Аугсбург";"1";"0";"9.68"
"Мюнхен <-> Регенсбург";"0";"0";"0"
"Нюрнберг <-> Регенсбург";"12";"0";"1113.65"
"Нюрнберг <-> Аугсбург";"6";"0";"983.90"
"Аугсбург <-> Регенсбург";"0";"0";"0"
"Ростов-на-Дону <-> Аксай";"18";"10.57";"1332.34"
"Ростов-на-Дону <-> Азов";"9";"16.18";"1133.00"
"Ростов-на-Дону <-> Мюнхен";"7";"71.82";"924.14"
"Аксай <-> Азов";"18";"62.40";"3655.90"
"Таганрог <-> Неклиновский район";"12";"0";"1452.20"
"Таганрог <-> Азов";"8";"12.21";"334.89"
"Неклиновский район <-> Азов";"7";"0";"996.30"
"Мюнхен <-> Аугсбург";"1";"0";"9.68"
"Мюнхен <-> Регенсбург";"0";"0";"0"
"Нюрнберг <-> Регенсбург";"12";"0";"1113.65"
"Нюрнберг <-> Аугсбург";"6";"0";"983.90"
"Аугсбург <-> Регенсбург";"0";"0";"0"
"Ростов-на-Дону <-> Аксай";"19";"1326.65";"2658.99"
"Ростов-на-Дону <-> Азов";"10";"16.74";"1149.74"
"Ростов-на-Дону <-> Мюнхен";"8";"54.71";"978.85"
"Аксай <-> Азов";"19";"62.40";"3718.30"
"Таганрог <-> Неклиновский район";"12";"0";"1452.20"
"Таганрог <-> Азов";"8";"0";"334.89"
"Неклиновский район <-> Азов";"7";"0";"996.30"
"Мюнхен <-> Аугсбург";"1";"0";"9.68"
"Мюнхен <-> Регенсбург";"0";"0";"0"
"Нюрнберг <-> Регенсбург";"12";"0";"1113.65"
"Нюрнберг <-> Аугсбург";"6";"0";"983.90"
"Аугсбург <-> Регенсбург";"0";"0";"0"
"Ростов-на-Дону <-> Аксай";"20";"29.51";"2688.50"
"Ростов-на-Дону <-> Азов";"11";"39.07";"1188.81"
"Ростов-на-Дону <-> Мюнхен";"9";"19.24";"998.09"
"Аксай <-> Азов";"20";"61.45";"3779.75"
"Таганрог <-> Неклиновский район";"12";"0";"1452.20"
"Таганрог <-> Азов";"8";"0";"334.89"
"Неклиновский район <-> Азов";"7";"0";"996.30"
"Мюнхен <-> Аугсбург";"1";"0";"9.68"
"Мюнхен <-> Регенсбург";"0";"0";"0"
"Нюрнберг <-> Регенсбург";"12";"0";"1113.65"
"Нюрнберг <-> Аугсбург";"6";"0";"983.90"
"Аугсбург <-> Регенсбург";"0";"0";"0"
"Ростов-на-Дону <-> Аксай";"21";"61.25";"2749.75"
"Ростов-на-Дону <-> Азов";"12";"33.91";"1222.73"
"Ростов-на-Дону <-> Мюнхен";"9";"0";"998.09"
"Аксай <-> Азов";"21";"40.16";"3819.91"
"Таганрог <-> Неклиновский район";"12";"0";"1452.20"
"Таганрог <-> Азов";"9";"1.14";"336.03"
"Неклиновский район <-> Азов";"7";"0";"996.30"
"Мюнхен <-> Аугсбург";"1";"0";"9.68"
"Мюнхен <-> Регенсбург";"0";"0";"0"
"Нюрнберг <-> Регенсбург";"12";"0";"1113.65"
"Нюрнберг <-> Аугсбург";"6";"0";"983.90"
"Аугсбург <-> Регенсбург";"0";"0";"0"
"Ростов-на-Дону <-> Аксай";"22";"69.38";"2819.13"
"Ростов-на-Дону <-> Азов";"12";"0";"1222.73"
"Ростов-на-Дону <-> Мюнхен";"9";"0";"998.09"
"Аксай <-> Азов";"22";"20.82";"3840.73"
"Таганрог <-> Неклиновский район";"13";"2.80";"1454.99"
"Таганрог <-> Азов";"10";"19.17";"355.20"
"Неклиновский район <-> Азов";"7";"0";"996.30"
"Мюнхен <-> Аугсбург";"1";"0";"9.68"
"Мюнхен <-> Регенсбург";"0";"0";"0"
"Нюрнберг <-> Регенсбург";"12";"0";"1113.65"
"Нюрнберг <-> Аугсбург";"6";"0";"983.90"
"Аугсбург <-> Регенсбург";"0";"0";"0"
"Ростов-на-Дону <-> Аксай";"23";"56.27";"2875.40"
"Ростов-на-Дону <-> Азов";"13";"26.86";"1249.58"
"Ростов-на-Дону <-> Мюнхен";"9";"0";"998.09"
"Аксай <-> Азов";"23";"3.23";"3843.95"
"Таганрог <-> Неклиновский район";"13";"0";"1454.99"
"Таганрог <-> Азов";"11";"15.14";"370.34"
"Неклиновский район <-> Азов";"8";"12.35";"1008.65"
"Мюнхен <-> Аугсбург";"1";"0";"9.68"
"Мюнхен <-> Регенсбург";"0";"0";"0"
"Нюрнберг <-> Регенсбург";"12";"0";"1113.65"
"Нюрнберг <-> Аугсбург";"6";"0";"983.90"
"Аугсбург <-> Регенсбург";"0";"0";"0"
"Ростов-на-Дону <-> Аксай";"24";"24.04";"2899.44"
"Ростов-на-Дону <-> Азов";"14";"2.67";"1252.25"
"Ростов-на-Дону <-> Мюнхен";"10";"24.71";"1022.81"
"Аксай <-> Азов";"24";"1228.54";"5072.49"
"Таганрог <-> Неклиновский район";"14";"16.17";"1471.17"
"Таганрог <-> Азов";"12";"12.13";"382.46"
"Неклиновский район <-> Азов";"8";"0";"1008.65"
"Мюнхен <-> Аугсбург";"1";"0";"9.68"
"Мюнхен <-> Регенсбург";"0";"0";"0"
"Нюрнберг <-> Регенсбург";"12";"0";"1113.65"
"Нюрнберг <-> Аугсбург";"6";"0";"983.90"
"Аугсбург <-> Регенсбург";"0";"0";"0"
"Ростов-на-Дону <-> Аксай";"25";"1200.86";"4100.30"
"Ростов-на-Дону <-> Азов";"15";"29.92";"1282.17"
"Ростов-на-Дону <-> Мюнхен";"10";"0";"1022.81"
"Аксай <-> Азов";"25";"1230.93";"6303.42"
"Таганрог <-> Неклиновский район";"14";"0";"1471.17"
"Таганрог <-> Азов";"13";"5.06";"387.53"
"Неклиновский район <-> Азов";"8";"0";"1008.65"
"Мюнхен <-> Аугсбург";"1";"0";"9.68"
"Мюнхен <-> Регенсбург";"0";"0";"0"
"Нюрнберг <-> Регенсбург";"12";"0";"1113.65"
"Нюрнберг <-> Аугсбург";"6";"0";"983.90"
"Аугсбург <-> Регенсбург";"0";"0";"0"
"Ростов-на-Дону <-> Аксай";"26";"19.11";"4119.41"
"Ростов-на-Дону <-> Азов";"16";"25.67";"1307.84"
"Ростов-на-Дону <-> Мюнхен";"10";"0";"1022.81"
"Аксай <-> Азов";"26";"3.50";"6306.92"
"Таганрог <-> Неклиновский район";"14";"0";"1471.17"
"Таганрог <-> Азов";"14";"7.36";"394.89"
"Неклиновский район <-> Азов";"8";"0";"1008.65"
"Мюнхен <-> Аугсбург";"1";"0";"9.68"
"Мюнхен <-> Регенсбург";"0";"0";"0"
"Нюрнберг <-> Регенсбург";"12";"0";"1113.65"
"Нюрнберг <-> Аугсбург";"6";"0";"983.90"
"Аугсбург <-> Регенсбург";"0";"0";"0"
"Ростов-на-Дону <-> Аксай";"27";"22.85";"4142.26"
"Ростов-на-Дону <-> Азов";"16";"0";"1307.84"
"Ростов-на-Дону <-> Мюнхен";"10";"0";"1022.81"
"Аксай <-> Азов";"27";"15.67";"6322.58"
"Таганрог <-> Неклиновский район";"14";"0";"1471.17"
"Таганрог <-> Азов";"15";"4.51";"399.40"
"Неклиновский район <-> Азов";"8";"0";"1008.65"
"Мюнхен <-> Аугсбург";"1";"0";"9.68"
"Мюнхен <-> Регенсбург";"0";"0";"0"
"Нюрнберг <-> Регенсбург";"12";"0";"1113.65"
"Нюрнберг <-> Аугсбург";"6";"0";"983.90"
"Аугсбург <-> Регенсбург";"0";"0";"0"
"Ростов-на-Дону <-> Аксай";"28";"6.15";"4148.41"
"Ростов-на-Дону <-> Азов";"17";"33.53";"1341.37"
"Ростов-на-Дону <-> Мюнхен";"10";"0";"1022.81"
"Аксай <-> Азов";"28";"26.80";"6349.38"
"Таганрог <-> Неклиновский район";"14";"0";"1471.17"
"Таганрог <-> Азов";"16";"53.18";"452.58"
"Неклиновский район <-> Азов";"9";"33.57";"1042.22"
"Мюнхен <-> Аугсбург";"1";"0";"9.68"
"Мюнхен <-> Регенсбург";"0";"0";"0"
"Нюрнберг <-> Регенсбург";"12";"0";"1113.65"
"Нюрнберг <-> Аугсбург";"6";"0";"983.90"
"Аугсбург <-> Регенсбург";"0";"0";"0"
"Ростов-на-Дону <-> Аксай";"29";"16.45";"4164.86"
"Ростов-на-Дону <-> Азов";"17";"0";"1341.37"
"Ростов-на-Дону <-> Мюнхен";"11";"4.82";"1027.63"
"Аксай <-> Азов";"29";"16.75";"6366.13"
"Таганрог <-> Неклиновский район";"14";"0";"1471.17"
"Таганрог <-> Азов";"17";"5.25";"457.83"
"Неклиновский район <-> Азов";"9";"0";"1042.22"
"Мюнхен <-> Аугсбург";"1";"0";"9.68"
"Мюнхен <-> Регенсбург";"0";"0";"0"
"Нюрнберг <-> Регенсбург";"12";"0";"1113.65"
"Нюрнберг <-> Аугсбург";"6";"0";"983.90"
"Аугсбург <-> Регенсбург";"0";"0";"0"
"Ростов-на-Дону <-> Аксай";"30";"27.60";"4192.46"
"Ростов-на-Дону <-> Азов";"18";"27.17";"1368.54"
"Ростов-на-Дону <-> Мюнхен";"11";"0";"1027.63"
"Аксай <-> Азов";"30";"913.60";"7279.74"
"Таганрог <-> Неклиновский район";"15";"0.95";"1472.11"
"Таганрог <-> Азов";"18";"1.42";"459.25"
"Неклиновский район <-> Азов";"10";"6.39";"1048.61"
"Мюнхен <-> Аугсбург";"1";"0";"9.68"
"Мюнхен <-> Регенсбург";"0";"0";"0"
"Нюрнберг <-> Регенсбург";"12";"0";"1113.65"
"Нюрнберг <-> Аугсбург";"6";"0";"983.90"
"Аугсбург <-> Регенсбург";"0";"0";"0"
"Ростов-на-Дону <-> Аксай";"31";"17.21";"4209.68"
"Ростов-на-Дону <-> Азов";"18";"0";"1368.54"
"Ростов-на-Дону <-> Мюнхен";"11";"0";"1027.63"
"Аксай <-> Азов";"31";"832.17";"8111.91"
"Таганрог <-> Неклиновский район";"15";"0";"1472.11"
"Таганрог <-> Азов";"19";"30.46";"489.70"
"Неклиновский район <-> Азов";"10";"0";"1048.61"
"Мюнхен <-> Аугсбург";"1";"0";"9.68"
"Мюнхен <-> Регенсбург";"0";"0";"0"
"Нюрнберг <-> Регенсбург";"12";"0";"1113.65"
"Нюрнберг <-> Аугсбург";"6";"0";"983.90"
"Аугсбург <-> Регенсбург";"0";"0";"0"
"Ростов-на-Дону <-> Аксай";"32";"0.07";"4209.75"
"Ростов-на-Дону <-> Азов";"19";"72.82";"1441.36"
"Ростов-на-Дону <-> Мюнхен";"11";"0";"1027.63"
"Аксай <-> Азов";"32";"698.38";"8810.29"
"Таганрог <-> Неклиновский район";"15";"0";"1472.11"
"Таганрог <-> Азов";"19";"0";"489.70"
"Неклиновский район <-> Азов";"10";"0";"1048.61"
"Мюнхен <-> Аугсбург";"1";"0";"9.68"
"Мюнхен <-> Регенсбург";"0";"0";"0"
"Нюрнберг <-> Регенсбург";"12";"0";"1113.65"
"Нюрнберг <-> Аугсбург";"6";"0";"983.90"
"Аугсбург <-> Регенсбург";"0";"0";"0"
"Ростов-на-Дону <-> Аксай";"33";"6.81";"4216.56"
"Ростов-на-Дону <-> Азов";"20";"125.04";"1566.40"
"Ростов-на-Дону <-> Мюнхен";"11";"0";"1027.63"
"Аксай <-> Азов";"33";"557.96";"9368.25"
"Таганрог <-> Неклиновский район";"16";"12.20";"1484.31"
"Таганрог <-> Азов";"20";"17.36";"507.07"
"Неклиновский район <-> Азов";"11";"11.52";"1060.13"
"Мюнхен <-> Аугсбург";"1";"0";"9.68"
"Мюнхен <-> Регенсбург";"0";"0";"0"
"Нюрнберг <-> Регенсбург";"12";"0";"1113.65"
"Нюрнберг <-> Аугсбург";"6";"0";"983.90"
"Аугсбург <-> Регенсбург";"0";"0";"0"
"Ростов-на-Дону <-> Аксай";"34";"588.23";"4804.79"
"Ростов-на-Дону <-> Азов";"21";"131.53";"1697.93"
"Ростов-на-Дону <-> Мюнхен";"11";"0";"1027.63"
"Аксай <-> Азов";"34";"14.22";"9382.47"
"Таганрог <-> Неклиновский район";"17";"9.50";"1493.81"
"Таганрог <-> Азов";"21";"65.45";"572.51"
"Неклиновский район <-> Азов";"12";"27.10";"1087.23"
"Мюнхен <-> Аугсбург";"2";"0.80";"10.47"
"Мюнхен <-> Регенсбург";"0";"0";"0"
"Нюрнберг <-> Регенсбург";"12";"0";"1113.65"
"Нюрнберг <-> Аугсбург";"6";"0";"983.90"
"Аугсбург <-> Регенсбург";"0";"0";"0"
"Ростов-на-Дону <-> Аксай";"35";"7.11";"4811.90"
"Ростов-на-Дону <-> Азов";"21";"0";"1697.93"
"Ростов-на-Дону <-> Мюнхен";"12";"36.26";"1063.89"
"Аксай <-> Азов";"35";"15.35";"9397.83"
"Таганрог <-> Неклиновский район";"18";"3.83";"1497.64"
"Таганрог <-> Азов";"21";"0";"572.51"
"Неклиновский район <-> Азов";"12";"0";"1087.23"
"Мюнхен <-> Аугсбург";"2";"0";"10.47"
"Мюнхен <-> Регенсбург";"0";"0";"0"
"Нюрнберг <-> Регенсбург";"12";"0";"1113.65"
"Нюрнберг <-> Аугсбург";"6";"0";"983.90"
"Аугсбург <-> Регенсбург";"0";"0";"0"
"Ростов-на-Дону <-> Аксай";"36";"289.22";"5101.12"
"Ростов-на-Дону <-> Азов";"22";"4.48";"1702.41"
"Ростов-на-Дону <-> Мюнхен";"13";"65.13";"1129.02"
"Аксай <-> Азов";"36";"293.85";"9691.68"
"Таганрог <-> Неклиновский район";"19";"1.97";"1499.61"
"Таганрог <-> Азов";"22";"10.79";"583.30"
"Неклиновский район <-> Азов";"13";"11.63";"1098.85"
"Мюнхен <-> Аугсбург";"2";"0";"10.47"
"Мюнхен <-> Регенсбург";"0";"0";"0"
"Нюрнберг <-> Регенсбург";"12";"0";"1113.65"
"Нюрнберг <-> Аугсбург";"6";"0";"983.90"
"Аугсбург <-> Регенсбург";"0";"0";"0"
"Ростов-на-Дону <-> Аксай";"37";"151.45";"5252.57"
"Ростов-на-Дону <-> Азов";"22";"0";"1702.41"
"Ростов-на-Дону <-> Мюнхен";"14";"50.62";"1179.63"
"Аксай <-> Азов";"37";"134.14";"9825.81"
"Таганрог <-> Неклиновский район";"19";"0";"1499.61"
"Таганрог <-> Азов";"22";"0";"583.30"
"Неклиновский район <-> Азов";"13";"0";"1098.85"
"Мюнхен <-> Аугсбург";"2";"0";"10.47"
"Мюнхен <-> Регенсбург";"0";"0";"0"
"Нюрнберг <-> Регенсбург";"12";"0";"1113.65"
"Нюрнберг <-> Аугсбург";"6";"0";"983.90"
"Аугсбург <-> Регенсбург";"0";"0";"0"
"Ростов-на-Дону <-> Аксай";"38";"5.99";"5258.57"
"Ростов-на-Дону <-> Азов";"23";"32.47";"1734.88"
"Ростов-на-Дону <-> Мюнхен";"15";"17.31";"1196.94"
"Аксай <-> Азов";"38";"0.69";"9826.51"
"Таганрог <-> Неклиновский район";"20";"10.09";"1509.70"
"Таганрог <-> Азов";"22";"0";"583.30"
"Неклиновский район <-> Азов";"13";"0";"1098.85"
"Мюнхен <-> Аугсбург";"3";"34.58";"45.05"
"Мюнхен <-> Регенсбург";"1";"38.45";"38.45"
"Нюрнберг <-> Регенсбург";"12";"0";"1113.65"
"Нюрнберг <-> Аугсбург";"6";"0";"983.90"
"Аугсбург <-> Регенсбург";"0";"0";"0"
"Ростов-на-Дону <-> Аксай";"39";"110.94";"5369.51"
"Ростов-на-Дону <-> Азов";"24";"48.22";"1783.10"
"Ростов-на-Дону <-> Мюнхен";"16";"7.58";"1204.52"
"Аксай <-> Азов";"39";"159.32";"9985.82"
"Таганрог <-> Неклиновский район";"20";"0";"1509.70"
"Таганрог <-> Азов";"22";"0";"583.30"
"Неклиновский район <-> Азов";"13";"0";"1098.85"
"Мюнхен <-> Аугсбург";"4";"28.24";"73.29"
"Мюнхен <-> Регенсбург";"2";"49.60";"88.06"
"Нюрнберг <-> Регенсбург";"12";"0";"1113.65"
"Нюрнберг <-> Аугсбург";"6";"0";"983.90"
"Аугсбург <-> Регенсбург";"0";"0";"0"
"Ростов-на-Дону <-> Аксай";"40";"6.04";"5375.55"
"Ростов-на-Дону <-> Азов";"25";"42.15";"1825.26"
"Ростов-на-Дону <-> Мюнхен";"16";"0";"1204.52"
"Аксай <-> Азов";"40";"142.07";"10127.89"
"Таганрог <-> Неклиновский район";"21";"3.51";"1513.21"
"Таганрог <-> Азов";"23";"13.52";"596.82"
"Неклиновский район <-> Азов";"13";"0";"1098.85"
"Мюнхен <-> Аугсбург";"4";"0";"73.29"
"Мюнхен <-> Регенсбург";"3";"19.14";"107.20"
"Нюрнберг <-> Регенсбург";"12";"0";"1113.65"
"Нюрнберг <-> Аугсбург";"7";"36.97";"1020.86"
"Аугсбург <-> Регенсбург";"1";"3.95";"3.95"
"Ростов-на-Дону <-> Аксай";"41";"110.15";"5485.70"
"Ростов-на-Дону <-> Азов";"25";"0";"1825.26"
"Ростов-на-Дону <-> Мюнхен";"17";"31.44";"1235.95"
"Аксай <-> Азов";"41";"12.76";"10140.65"
"Таганрог <-> Неклиновский район";"22";"9.22";"1522.43"
"Таганрог <-> Азов";"24";"30.31";"627.14"
"Неклиновский район <-> Азов";"14";"40.28";"1139.13"
"Мюнхен <-> Аугсбург";"4";"0";"73.29"
"Мюнхен <-> Регенсбург";"3";"0";"107.20"
"Нюрнберг <-> Регенсбург";"13";"48.91";"1162.56"
"Нюрнберг <-> Аугсбург";"8";"27.23";"1048.09"
"Аугсбург <-> Регенсбург";"1";"0";"3.95"
"Ростов-на-Дону <-> Аксай";"42";"0.75";"5486.45"
"Ростов-на-Дону <-> Азов";"26";"35.82";"1861.07"
"Ростов-на-Дону <-> Мюнхен";"18";"0.04";"1235.99"
"Аксай <-> Азов";"42";"6.48";"10147.13"
"Таганрог <-> Неклиновский район";"23";"6.82";"1529.25"
"Таганрог <-> Азов";"25";"7.45";"634.58"
"Неклиновский район <-> Азов";"15";"12.49";"1151.62"
"Мюнхен <-> Аугсбург";"4";"0";"73.29"
"Мюнхен <-> Регенсбург";"4";"2.78";"109.98"
"Нюрнберг <-> Регенсбург";"14";"39.55";"1202.11"
"Нюрнберг <-> Аугсбург";"8";"0";"1048.09"
"Аугсбург <-> Регенсбург";"2";"9.24";"13.19"
"Ростов-на-Дону <-> Аксай";"43";"51.47";"5537.92"
"Ростов-на-Дону <-> Азов";"27";"71.49";"1932.56"
"Ростов-на-Дону <-> Мюнхен";"18";"0";"1235.99"
"Аксай <-> Азов";"43";"1.02";"10148.15"
"Таганрог <-> Неклиновский район";"24";"26.50";"1555.74"
"Таганрог <-> Азов";"26";"4.59";"639.18"
"Неклиновский район <-> Азов";"15";"0";"1151.62"
"Мюнхен <-> Аугсбург";"5";"21.42";"94.72"
"Мюнхен <-> Регенсбург";"4";"0";"109.98"
"Нюрнберг <-> Регенсбург";"14";"0";"1202.11"
"Нюрнберг <-> Аугсбург";"8";"0";"1048.09"
"Аугсбург <-> Регенсбург";"2";"0";"13.19"
"Ростов-на-Дону <-> Аксай";"44";"43.27";"5581.19"
"Ростов-на-Дону <-> Азов";"28";"96.18";"2028.74"
"Ростов-на-Дону <-> Мюнхен";"18";"0";"1235.99"
"Аксай <-> Азов";"44";"6.72";"10154.87"
"Таганрог <-> Неклиновский район";"25";"48.48";"1604.23"
"Таганрог <-> Азов";"26";"0";"639.18"
"Неклиновский район <-> Азов";"15";"0";"1151.62"
"Мюнхен <-> Аугсбург";"6";"16.73";"111.45"
"Мюнхен <-> Регенсбург";"4";"0";"109.98"
"Нюрнберг <-> Регенсбург";"15";"44.06";"1246.17"
"Нюрнберг <-> Аугсбург";"9";"18.42";"1066.51"
"Аугсбург <-> Регенсбург";"2";"0";"13.19"
"Ростов-на-Дону <-> Аксай";"45";"155.75";"5736.94"
"Ростов-на-Дону <-> Азов";"29";"88.13";"2116.87"
"Ростов-на-Дону <-> Мюнхен";"18";"0";"1235.99"
"Аксай <-> Азов";"45";"30.09";"10184.96"
"Таганрог <-> Неклиновский район";"26";"198.91";"1803.14"
"Таганрог <-> Азов";"27";"1.03";"640.21"
"Неклиновский район <-> Азов";"15";"0";"1151.62"
"Мюнхен <-> Аугсбург";"6";"0";"111.45"
"Мюнхен <-> Регенсбург";"5";"0.32";"110.30"
"Нюрнберг <-> Регенсбург";"16";"36.30";"1282.47"
"Нюрнберг <-> Аугсбург";"9";"0";"1066.51"
"Аугсбург <-> Регенсбург";"3";"9.26";"22.45"
"Ростов-на-Дону <-> Аксай";"46";"2.34";"5739.28"
"Ростов-на-Дону <-> Азов";"30";"57.82";"2174.69"
"Ростов-на-Дону <-> Мюнхен";"18";"0";"1235.99"
"Аксай <-> Азов";"46";"84.08";"10269.04"
"Таганрог <-> Неклиновский район";"26";"0";"1803.14"
"Таганрог <-> Азов";"27";"0";"640.21"
"Неклиновский район <-> Азов";"15";"0";"1151.62"
"Мюнхен <-> Аугсбург";"7";"43.91";"155.36"
"Мюнхен <-> Регенсбург";"5";"0";"110.30"
"Нюрнберг <-> Регенсбург";"17";"34.22";"1316.69"
"Нюрнберг <-> Аугсбург";"9";"0";"1066.51"
"Аугсбург <-> Регенсбург";"3";"0";"22.45"
"Ростов-на-Дону <-> Аксай";"47";"16.59";"5755.87"
"Ростов-на-Дону <-> Азов";"31";"5.22";"2179.90"
"Ростов-на-Дону <-> Мюнхен";"18";"0";"1235.99"
"Аксай <-> Азов";"47";"23.28";"10292.33"
"Таганрог <-> Неклиновский район";"27";"29.72";"1832.86"
"Таганрог <-> Азов";"27";"0";"640.21"
"Неклиновский район <-> Азов";"16";"29.32";"1180.94"
"Мюнхен <-> Аугсбург";"8";"56.89";"212.25"
"Мюнхен <-> Регенсбург";"6";"20.05";"130.35"
"Нюрнберг <-> Регенсбург";"17";"0";"1316.69"
"Нюрнберг <-> Аугсбург";"9";"0";"1066.51"
"Аугсбург <-> Регенсбург";"3";"0";"22.45"
"Ростов-на-Дону <-> Аксай";"48";"24.44";"5780.31"
"Ростов-на-Дону <-> Азов";"32";"23.69";"2203.60"
"Ростов-на-Дону <-> Мюнхен";"18";"0";"1235.99"
"Аксай <-> Азов";"48";"41.38";"10333.70"
"Таганрог <-> Неклиновский район";"28";"5.02";"1837.88"
"Таганрог <-> Азов";"27";"0";"640.21"
"Неклиновский район <-> Азов";"17";"2.62";"1183.57"
"Мюнхен <-> Аугсбург";"9";"7.82";"220.07"
"Мюнхен <-> Регенсбург";"6";"0";"130.35"
"Нюрнберг <-> Регенсбург";"17";"0";"1316.69"
"Нюрнберг <-> Аугсбург";"9";"0";"1066.51"
"Аугсбург <-> Регенсбург";"3";"0";"22.45"
"Ростов-на-Дону <-> Аксай";"49";"11.07";"5791.38"
"Ростов-на-Дону <-> Азов";"32";"0";"2203.60"
"Ростов-на-Дону <-> Мюнхен";"19";"40.47";"1276.47"
"Аксай <-> Азов";"49";"37.23";"10370.94"
"Таганрог <-> Неклиновский район";"29";"48.36";"1886.24"
"Таганрог <-> Азов";"28";"4.07";"644.28"
"Неклиновский район <-> Азов";"18";"32.10";"1215.67"
"Мюнхен <-> Аугсбург";"10";"19.24";"239.31"
"Мюнхен <-> Регенсбург";"6";"0";"130.35"
"Нюрнберг <-> Регенсбург";"18";"23.92";"1340.61"
"Нюрнберг <-> Аугсбург";"9";"0";"1066.51"
"Аугсбург <-> Регенсбург";"4";"29.70";"52.15"
"Ростов-на-Дону <-> Аксай";"50";"8.89";"5800.27"
"Ростов-на-Дону <-> Азов";"32";"0";"2203.60"
"Ростов-на-Дону <-> Мюнхен";"20";"48.68";"1325.14"
"Аксай <-> Азов";"50";"33.32";"10404.26"
"Таганрог <-> Неклиновский район";"30";"62.30";"1948.54"
"Таганрог <-> Азов";"29";"7.98";"652.26"
"Неклиновский район <-> Азов";"19";"65.88";"1281.55"
"Мюнхен <-> Аугсбург";"11";"14.44";"253.75"
"Мюнхен <-> Регенсбург";"6";"0";"130.35"
"Нюрнберг <-> Регенсбург";"18";"0";"1340.61"
"Нюрнберг <-> Аугсбург";"9";"0";"1066.51"
"Аугсбург <-> Регенсбург";"5";"0.79";"52.93"
"Ростов-на-Дону <-> Аксай";"51";"18.04";"5818.31"
"Ростов-на-Дону <-> Азов";"33";"21.58";"2225.18"
"Ростов-на-Дону <-> Мюнхен";"20";"0";"1325.14"
"Аксай <-> Азов";"51";"29.62";"10433.87"
"Таганрог <-> Неклиновский район";"31";"14.09";"1962.63"
"Таганрог <-> Азов";"30";"5.07";"657.33"
"Неклиновский район <-> Азов";"20";"35.52";"1317.07"
"Мюнхен <-> Аугсбург";"12";"13.29";"267.04"
"Мюнхен <-> Регенсбург";"6";"0";"130.35"
"Нюрнберг <-> Регенсбург";"18";"0";"1340.61"
"Нюрнберг <-> Аугсбург";"9";"0";"1066.51"
"Аугсбург <-> Регенсбург";"5";"0";"52.93"
"Ростов-на-Дону <-> Аксай";"52";"6.20";"5824.51"
"Ростов-на-Дону <-> Азов";"34";"38.42";"2263.60"
"Ростов-на-Дону <-> Мюнхен";"20";"0";"1325.14"
"Аксай <-> Азов";"52";"26.10";"10459.97"
"Таганрог <-> Неклиновский район";"32";"60.45";"2023.08"
"Таганрог <-> Азов";"31";"57.01";"714.34"
"Неклиновский район <-> Азов";"20";"0";"1317.07"
"Мюнхен <-> Аугсбург";"13";"49.58";"316.61"
"Мюнхен <-> Регенсбург";"6";"0";"130.35"
"Нюрнберг <-> Регенсбург";"18";"0";"1340.61"
"Нюрнберг <-> Аугсбург";"9";"0";"1066.51"
"Аугсбург <-> Регенсбург";"6";"30.02";"82.96"
"Ростов-на-Дону <-> Аксай";"53";"12.01";"5836.53"
"Ростов-на-Дону <-> Азов";"35";"33.33";"2296.93"
"Ростов-на-Дону <-> Мюнхен";"21";"21.50";"1346.64"
"Аксай <-> Азов";"53";"2.50";"10462.48"
"Таганрог <-> Неклиновский район";"33";"89.44";"2112.52"
"Таганрог <-> Азов";"32";"45.21";"759.55"
"Неклиновский район <-> Азов";"21";"2.78";"1319.85"
"Мюнхен <-> Аугсбург";"14";"21.49";"338.10"
"Мюнхен <-> Регенсбург";"6";"0";"130.35"
"Нюрнберг <-> Регенсбург";"19";"14.54";"1355.16"
"Нюрнберг <-> Аугсбург";"9";"0";"1066.51"
"Аугсбург <-> Регенсбург";"7";"21.33";"104.29"
"Ростов-на-Дону <-> Аксай";"54";"19.23";"5855.75"
"Ростов-на-Дону <-> Азов";"36";"8.50";"2305.43"
"Ростов-на-Дону <-> Мюнхен";"22";"51.85";"1398.49"
"Аксай <-> Азов";"54";"1.97";"10464.44"
"Таганрог <-> Неклиновский район";"34";"38.52";"2151.03"
"Таганрог <-> Азов";"33";"1.83";"761.37"
"Неклиновский район <-> Азов";"21";"0";"1319.85"
"Мюнхен <-> Аугсбург";"14";"0";"338.10"
"Мюнхен <-> Регенсбург";"6";"0";"130.35"
"Нюрнберг <-> Регенсбург";"19";"0";"1355.16"
"Нюрнберг <-> Аугсбург";"9";"0";"1066.51"
"Аугсбург <-> Регенсбург";"7";"0";"104.29"
"Ростов-на-Дону <-> Аксай";"55";"5.29";"5861.04"
"Ростов-на-Дону <-> Азов";"37";"110.96";"2416.39"
"Ростов-на-Дону <-> Мюнхен";"23";"43.46";"1441.95"
"Аксай <-> Азов";"55";"94.68";"10559.13"
"Таганрог <-> Неклиновский район";"35";"39.20";"2190.23"
"Таганрог <-> Азов";"33";"0";"761.37"
"Неклиновский район <-> Азов";"22";"13.10";"1332.96"
"Мюнхен <-> Аугсбург";"15";"25.64";"363.74"
"Мюнхен <-> Регенсбург";"6";"0";"130.35"
"Нюрнберг <-> Регенсбург";"20";"9.30";"1364.46"
"Нюрнберг <-> Аугсбург";"10";"1.17";"1067.68"
"Аугсбург <-> Регенсбург";"8";"33.63";"137.92"
"Ростов-на-Дону <-> Аксай";"56";"12.81";"5873.86"
"Ростов-на-Дону <-> Азов";"38";"47.44";"2463.83"
"Ростов-на-Дону <-> Мюнхен";"24";"45.02";"1486.98"
"Аксай <-> Азов";"56";"60.87";"10620.00"
"Таганрог <-> Неклиновский район";"36";"75.66";"2265.90"
"Таганрог <-> Азов";"34";"37.28";"798.65"
"Неклиновский район <-> Азов";"23";"48.78";"1381.73"
"Мюнхен <-> Аугсбург";"15";"0";"363.74"
"Мюнхен <-> Регенсбург";"7";"20.43";"150.78"
"Нюрнберг <-> Регенсбург";"21";"21.87";"1386.32"
"Нюрнберг <-> Аугсбург";"10";"0";"1067.68"
"Аугсбург <-> Регенсбург";"9";"24.58";"162.50"
"Ростов-на-Дону <-> Аксай";"57";"76.74";"5950.60"
"Ростов-на-Дону <-> Азов";"39";"21.20";"2485.03"
"Ростов-на-Дону <-> Мюнхен";"24";"0";"1486.98"
"Аксай <-> Азов";"57";"15.12";"10635.11"
"Таганрог <-> Неклиновский район";"37";"66.62";"2332.52"
"Таганрог <-> Азов";"35";"31.44";"830.09"
"Неклиновский район <-> Азов";"24";"20.13";"1401.87"
"Мюнхен <-> Аугсбург";"16";"24.30";"388.05"
"Мюнхен <-> Регенсбург";"7";"0";"150.78"
"Нюрнберг <-> Регенсбург";"21";"0";"1386.32"
"Нюрнберг <-> Аугсбург";"10";"0";"1067.68"
"Аугсбург <-> Регенсбург";"9";"0";"162.50"
"Ростов-на-Дону <-> Аксай";"58";"0.83";"5951.43"
"Ростов-на-Дону <-> Азов";"40";"58.42";"2543.45"
"Ростов-на-Дону <-> Мюнхен";"24";"0";"1486.98"
"Аксай <-> Азов";"58";"31.78";"10666.90"
"Таганрог <-> Неклиновский район";"37";"0";"2332.52"
"Таганрог <-> Азов";"36";"5.94";"836.03"
"Неклиновский район <-> Азов";"25";"16.34";"1418.21"
"Мюнхен <-> Аугсбург";"17";"39.24";"427.29"
"Мюнхен <-> Регенсбург";"7";"0";"150.78"
"Нюрнберг <-> Регенсбург";"21";"0";"1386.32"
"Нюрнберг <-> Аугсбург";"10";"0";"1067.68"
"Аугсбург <-> Регенсбург";"10";"10.75";"173.25"
"Ростов-на-Дону <-> Аксай";"59";"98.83";"6050.26"
"Ростов-на-Дону <-> Азов";"41";"91.83";"2635.28"
"Ростов-на-Дону <-> Мюнхен";"24";"0";"1486.98"
"Аксай <-> Азов";"59";"46.96";"10713.86"
"Таганрог <-> Неклиновский район";"38";"14.43";"2346.94"
"Таганрог <-> Азов";"37";"36.52";"872.55"
"Неклиновский район <-> Азов";"26";"51.69";"1469.91"
"Мюнхен <-> Аугсбург";"17";"0";"427.29"
"Мюнхен <-> Регенсбург";"7";"0";"150.78"
"Нюрнберг <-> Регенсбург";"21";"0";"1386.32"
"Нюрнберг <-> Аугсбург";"10";"0";"1067.68"
"Аугсбург <-> Регенсбург";"11";"3.99";"177.24"
"Ростов-на-Дону <-> Аксай";"60";"3.28";"6053.54"
"Ростов-на-Дону <-> Азов";"41";"0";"2635.28"
"Ростов-на-Дону <-> Мюнхен";"24";"0";"1486.98"
"Аксай <-> Азов";"60";"40.56";"10754.42"
"Таганрог <-> Неклиновский район";"39";"11.50";"2358.45"
"Таганрог <-> Азов";"38";"13.70";"886.25"
"Неклиновский район <-> Азов";"26";"0";"1469.91"
"Мюнхен <-> Аугсбург";"18";"13.29";"440.57"
"Мюнхен <-> Регенсбург";"8";"3.83";"154.62"
"Нюрнберг <-> Регенсбург";"21";"0";"1386.32"
"Нюрнберг <-> Аугсбург";"10";"0";"1067.68"
"Аугсбург <-> Регенсбург";"11";"0";"177.24"
"Ростов-на-Дону <-> Аксай";"61";"87.04";"6140.58"
"Ростов-на-Дону <-> Азов";"42";"18.42";"2653.70"
"Ростов-на-Дону <-> Мюнхен";"24";"0";"1486.98"
"Аксай <-> Азов";"61";"105.60";"10860.02"
"Таганрог <-> Неклиновский район";"40";"2.03";"2360.47"
"Таганрог <-> Азов";"39";"27.40";"913.65"
"Неклиновский район <-> Азов";"27";"30.18";"1500.09"
"Мюнхен <-> Аугсбург";"19";"9.08";"449.65"
"Мюнхен <-> Регенсбург";"8";"0";"154.62"
"Нюрнберг <-> Регенсбург";"21";"0";"1386.32"
"Нюрнберг <-> Аугсбург";"10";"0";"1067.68"
"Аугсбург <-> Регенсбург";"11";"0";"177.24"
"Ростов-на-Дону <-> Аксай";"62";"9.93";"6150.51"
"Ростов-на-Дону <-> Азов";"42";"0";"2653.70"
"Ростов-на-Дону <-> Мюнхен";"24";"0";"1486.98"
"Аксай <-> Азов";"62";"9.61";"10869.63"
"Таганрог <-> Неклиновский район";"41";"0.34";"2360.82"
"Таганрог <-> Азов";"40";"27.66";"941.32"
"Неклиновский район <-> Азов";"27";"0";"1500.09"
"Мюнхен <-> Аугсбург";"19";"0";"449.65"
"Мюнхен <-> Регенсбург";"8";"0";"154.62"
"Нюрнберг <-> Регенсбург";"21";"0";"1386.32"
"Нюрнберг <-> Аугсбург";"10";"0";"1067.68"
"Аугсбург <-> Регенсбург";"11";"0";"177.24"
"Ростов-на-Дону <-> Аксай";"63";"0.91";"6151.42"
"Ростов-на-Дону <-> Азов";"43";"0.93";"2654.63"
"Ростов-на-Дону <-> Мюнхен";"25";"9.47";"1496.45"
"Аксай <-> Азов";"63";"6.09";"10875.73"
"Таганрог <-> Неклиновский район";"42";"12.07";"2372.89"
"Таганрог <-> Азов";"41";"2.54";"943.85"
"Неклиновский район <-> Азов";"28";"9.13";"1509.22"
"Мюнхен <-> Аугсбург";"20";"17.47";"467.12"
"Мюнхен <-> Регенсбург";"9";"54.58";"209.19"
"Нюрнберг <-> Регенсбург";"21";"0";"1386.32"
"Нюрнберг <-> Аугсбург";"10";"0";"1067.68"
"Аугсбург <-> Регенсбург";"12";"3.96";"181.19"
"Ростов-на-Дону <-> Аксай";"64";"14.77";"6166.20"
"Ростов-на-Дону <-> Азов";"44";"36.16";"2690.79"
"Ростов-на-Дону <-> Мюнхен";"25";"0";"1496.45"
"Аксай <-> Азов";"64";"0.56";"10876.29"
"Таганрог <-> Неклиновский район";"42";"0";"2372.89"
"Таганрог <-> Азов";"42";"38.63";"982.48"
"Неклиновский район <-> Азов";"28";"0";"1509.22"
"Мюнхен <-> Аугсбург";"20";"0";"467.12"
"Мюнхен <-> Регенсбург";"10";"3.36";"212.56"
"Нюрнберг <-> Регенсбург";"21";"0";"1386.32"
"Нюрнберг <-> Аугсбург";"10";"0";"1067.68"
"Аугсбург <-> Регенсбург";"12";"0";"181.19"
"Ростов-на-Дону <-> Аксай";"65";"19.70";"6185.90"
"Ростов-на-Дону <-> Азов";"45";"51.55";"2742.34"
"Ростов-на-Дону <-> Мюнхен";"25";"0";"1496.45"
"Аксай <-> Азов";"64";"0";"10876.29"
"Таганрог <-> Неклиновский район";"43";"1.91";"2374.80"
"Таганрог <-> Азов";"43";"52.90";"1035.38"
"Неклиновский район <-> Азов";"28";"0";"1509.22"
"Мюнхен <-> Аугсбург";"20";"0";"467.12"
"Мюнхен <-> Регенсбург";"10";"0";"212.56"
"Нюрнберг <-> Регенсбург";"21";"0";"1386.32"
"Нюрнберг <-> Аугсбург";"10";"0";"1067.68"
"Аугсбург <-> Регенсбург";"12";"0";"181.19"
"Ростов-на-Дону <-> Аксай";"66";"3.71";"6189.61"
"Ростов-на-Дону <-> Азов";"46";"24.89";"2767.23"
"Ростов-на-Дону <-> Мюнхен";"25";"0";"1496.45"
"Аксай <-> Азов";"65";"22.14";"10898.42"
"Таганрог <-> Неклиновский район";"43";"0";"2374.80"
"Таганрог <-> Азов";"44";"25.25";"1060.64"
"Неклиновский район <-> Азов";"29";"21.23";"1530.45"
"Мюнхен <-> Аугсбург";"21";"30.82";"497.94"
"Мюнхен <-> Регенсбург";"11";"56.06";"268.62"
"Нюрнберг <-> Регенсбург";"22";"28.25";"1414.57"
"Нюрнберг <-> Аугсбург";"10";"0";"1067.68"
"Аугсбург <-> Регенсбург";"12";"0";"181.19"
"Ростов-на-Дону <-> Аксай";"67";"18.61";"6208.22"
"Ростов-на-Дону <-> Азов";"47";"0.90";"2768.13"
"Ростов-на-Дону <-> Мюнхен";"25";"0";"1496.45"
"Аксай <-> Азов";"66";"22.75";"10921.17"
"Таганрог <-> Неклиновский район";"43";"0";"2374.80"
"Таганрог <-> Азов";"45";"24.95";"1085.59"
"Неклиновский район <-> Азов";"30";"15.59";"1546.04"
"Мюнхен <-> Аугсбург";"22";"4.61";"502.55"
"Мюнхен <-> Регенсбург";"12";"45.20";"313.82"
"Нюрнберг <-> Регенсбург";"23";"0.70";"1415.27"
"Нюрнберг <-> Аугсбург";"10";"0";"1067.68"
"Аугсбург <-> Регенсбург";"13";"7.44";"188.63"
"Ростов-на-Дону <-> Аксай";"68";"29.89";"6238.11"
"Ростов-на-Дону <-> Азов";"47";"0";"2768.13"
"Ростов-на-Дону <-> Мюнхен";"25";"0";"1496.45"
"Аксай <-> Азов";"67";"37.25";"10958.42"
"Таганрог <-> Неклиновский район";"43";"0";"2374.80"
"Таганрог <-> Азов";"46";"36.53";"1122.12"
"Неклиновский район <-> Азов";"30";"0";"1546.04"
"Мюнхен <-> Аугсбург";"23";"1.88";"504.43"
"Мюнхен <-> Регенсбург";"12";"0";"313.82"
"Нюрнберг <-> Регенсбург";"24";"15.69";"1430.96"
"Нюрнберг <-> Аугсбург";"11";"17.39";"1085.07"
"Аугсбург <-> Регенсбург";"13";"0";"188.63"
"Ростов-на-Дону <-> Аксай";"69";"19.97";"6258.08"
"Ростов-на-Дону <-> Азов";"48";"15.12";"2783.25"
"Ростов-на-Дону <-> Мюнхен";"26";"12.35";"1508.80"
"Аксай <-> Азов";"68";"9.62";"10968.05"
"Таганрог <-> Неклиновский район";"43";"0";"2374.80"
"Таганрог <-> Азов";"47";"18.55";"1140.67"
"Неклиновский район <-> Азов";"31";"0.70";"1546.74"
"Мюнхен <-> Аугсбург";"23";"0";"504.43"
"Мюнхен <-> Регенсбург";"13";"20.15";"333.96"
"Нюрнберг <-> Регенсбург";"25";"50.15";"1481.11"
"Нюрнберг <-> Аугсбург";"11";"0";"1085.07"
"Аугсбург <-> Регенсбург";"13";"0";"188.63"
"Ростов-на-Дону <-> Аксай";"70";"23.33";"6281.41"
"Ростов-на-Дону <-> Азов";"49";"12.36";"2795.61"
"Ростов-на-Дону <-> Мюнхен";"26";"0";"1508.80"
"Аксай <-> Азов";"68";"0";"10968.05"
"Таганрог <-> Неклиновский район";"43";"0";"2374.80"
"Таганрог <-> Азов";"48";"14.58";"1155.25"
"Неклиновский район <-> Азов";"31";"0";"1546.74"
"Мюнхен <-> Аугсбург";"23";"0";"504.43"
"Мюнхен <-> Регенсбург";"13";"0";"333.96"
"Нюрнберг <-> Регенсбург";"26";"20.41";"1501.52"
"Нюрнберг <-> Аугсбург";"11";"0";"1085.07"
"Аугсбург <-> Регенсбург";"14";"3.93";"192.56"
"Ростов-на-Дону <-> Аксай";"71";"22.45";"6303.85"
"Ростов-на-Дону <-> Азов";"50";"5.63";"2801.23"
"Ростов-на-Дону <-> Мюнхен";"26";"0";"1508.80"
"Аксай <-> Азов";"69";"39.42";"11007.47"
"Таганрог <-> Неклиновский район";"44";"2.37";"2377.17"
"Таганрог <-> Азов";"49";"30.24";"1185.49"
"Неклиновский район <-> Азов";"31";"0";"1546.74"
"Мюнхен <-> Аугсбург";"24";"5.53";"509.97"
"Мюнхен <-> Регенсбург";"13";"0";"333.96"
"Нюрнберг <-> Регенсбург";"26";"0";"1501.52"
"Нюрнберг <-> Аугсбург";"11";"0";"1085.07"
"Аугсбург <-> Регенсбург";"14";"0";"192.56"
"Ростов-на-Дону <-> Аксай";"72";"25.34";"6329.19"
"Ростов-на-Дону <-> Азов";"51";"3.82";"2805.05"
"Ростов-на-Дону <-> Мюнхен";"26";"0";"1508.80"
"Аксай <-> Азов";"70";"35.96";"11043.43"
"Таганрог <-> Неклиновский район";"44";"0";"2377.17"
"Таганрог <-> Азов";"50";"4.86";"1190.35"
"Неклиновский район <-> Азов";"31";"0";"1546.74"
"Мюнхен <-> Аугсбург";"24";"0";"509.97"
"Мюнхен <-> Регенсбург";"14";"6.03";"340.00"
"Нюрнберг <-> Регенсбург";"27";"56.46";"1557.98"
"Нюрнберг <-> Аугсбург";"11";"0";"1085.07"
"Аугсбург <-> Регенсбург";"14";"0";"192.56"
"Ростов-на-Дону <-> Аксай";"73";"7.51";"6336.70"
"Ростов-на-Дону <-> Азов";"52";"13.32";"2818.37"
"Ростов-на-Дону <-> Мюнхен";"26";"0";"1508.80"
"Аксай <-> Азов";"71";"96.39";"11139.82"
"Таганрог <-> Неклиновский район";"45";"9.76";"2386.94"
"Таганрог <-> Азов";"51";"36.54";"1226.89"
"Неклиновский район <-> Азов";"32";"38.53";"1585.27"
"Мюнхен <-> Аугсбург";"25";"2.12";"512.08"
"Мюнхен <-> Регенсбург";"14";"0";"340.00"
"Нюрнберг <-> Регенсбург";"28";"66.59";"1624.57"
"Нюрнберг <-> Аугсбург";"11";"0";"1085.07"
"Аугсбург <-> Регенсбург";"15";"6.49";"199.05"
"Ростов-на-Дону <-> Аксай";"74";"16.47";"6353.17"
"Ростов-на-Дону <-> Азов";"53";"4.77";"2823.13"
"Ростов-на-Дону <-> Мюнхен";"26";"0";"1508.80"
"Аксай <-> Азов";"72";"66.90";"11206.72"
"Таганрог <-> Неклиновский район";"46";"3.59";"2390.53"
"Таганрог <-> Азов";"52";"71.27";"1298.16"
"Неклиновский район <-> Азов";"32";"0";"1585.27"
"Мюнхен <-> Аугсбург";"25";"0";"512.08"
"Мюнхен <-> Регенсбург";"14";"0";"340.00"
"Нюрнберг <-> Регенсбург";"28";"0";"1624.57"
"Нюрнберг <-> Аугсбург";"12";"2.96";"1088.03"
"Аугсбург <-> Регенсбург";"15";"0";"199.05"
"Ростов-на-Дону <-> Аксай";"75";"29.24";"6382.41"
"Ростов-на-Дону <-> Азов";"54";"23.29";"2846.42"
"Ростов-на-Дону <-> Мюнхен";"26";"0";"1508.80"
"Аксай <-> Азов";"73";"20.37";"11227.09"
"Таганрог <-> Неклиновский район";"47";"1.75";"2392.28"
"Таганрог <-> Азов";"53";"62.04";"1360.20"
"Неклиновский район <-> Азов";"32";"0";"1585.27"
"Мюнхен <-> Аугсбург";"25";"0";"512.08"
"Мюнхен <-> Регенсбург";"14";"0";"340.00"
"Нюрнберг <-> Регенсбург";"28";"0";"1624.57"
"Нюрнберг <-> Аугсбург";"12";"0";"1088.03"
"Аугсбург <-> Регенсбург";"15";"0";"199.05"
"Ростов-на-Дону <-> Аксай";"76";"20.66";"6403.06"
"Ростов-на-Дону <-> Азов";"55";"19.71";"2866.13"
"Ростов-на-Дону <-> Мюнхен";"26";"0";"1508.80"
"Аксай <-> Азов";"74";"1.22";"11228.30"
"Таганрог <-> Неклиновский район";"48";"10.80";"2403.08"
"Таганрог <-> Азов";"54";"13.22";"1373.42"
"Неклиновский район <-> Азов";"32";"0";"1585.27"
"Мюнхен <-> Аугсбург";"25";"0";"512.08"
"Мюнхен <-> Регенсбург";"15";"33.53";"373.53"
"Нюрнберг <-> Регенсбург";"29";"22.40";"1646.97"
"Нюрнберг <-> Аугсбург";"12";"0";"1088.03"
"Аугсбург <-> Регенсбург";"16";"23.05";"222.10"
"Ростов-на-Дону <-> Аксай";"77";"63.37";"6466.44"
"Ростов-на-Дону <-> Азов";"55";"0";"2866.13"
"Ростов-на-Дону <-> Мюнхен";"26";"0";"1508.80"
"Аксай <-> Азов";"75";"22.73";"11251.04"
"Таганрог <-> Неклиновский район";"49";"8.24";"2411.32"
"Таганрог <-> Азов";"55";"8.76";"1382.18"
"Неклиновский район <-> Азов";"32";"0";"1585.27"
"Мюнхен <-> Аугсбург";"25";"0";"512.08"
"Мюнхен <-> Регенсбург";"15";"0";"373.53"
"Нюрнберг <-> Регенсбург";"29";"0";"1646.97"
"Нюрнберг <-> Аугсбург";"12";"0";"1088.03"
"Аугсбург <-> Регенсбург";"16";"0";"222.10"
"Ростов-на-Дону <-> Аксай";"78";"19.46";"6485.90"
"Ростов-на-Дону <-> Азов";"56";"18.11";"2884.24"
"Ростов-на-Дону <-> Мюнхен";"26";"0";"1508.80"
"Аксай <-> Азов";"76";"1.78";"11252.82"
"Таганрог <-> Неклиновский район";"50";"4.96";"2416.29"
"Таганрог <-> Азов";"56";"5.77";"1387.96"
"Неклиновский район <-> Азов";"32";"0";"1585.27"
"Мюнхен <-> Аугсбург";"25";"0";"512.08"
"Мюнхен <-> Регенсбург";"15";"0";"373.53"
"Нюрнберг <-> Регенсбург";"29";"0";"1646.97"
"Нюрнберг <-> Аугсбург";"12";"0";"1088.03"
"Аугсбург <-> Регенсбург";"16";"0";"222.10"
"Ростов-на-Дону <-> Аксай";"79";"21.38";"6507.27"
"Ростов-на-Дону <-> Азов";"56";"0";"2884.24"
"Ростов-на-Дону <-> Мюнхен";"26";"0";"1508.80"
"Аксай <-> Азов";"77";"20.19";"11273.01"
"Таганрог <-> Неклиновский район";"51";"2.99";"2419.27"
"Таганрог <-> Азов";"57";"15.46";"1403.42"
"Неклиновский район <-> Азов";"33";"1.37";"1586.64"
"Мюнхен <-> Аугсбург";"25";"0";"512.08"
"Мюнхен <-> Регенсбург";"15";"0";"373.53"
"Нюрнберг <-> Регенсбург";"29";"0";"1646.97"
"Нюрнберг <-> Аугсбург";"12";"0";"1088.03"
"Аугсбург <-> Регенсбург";"16";"0";"222.10"
"Ростов-на-Дону <-> Аксай";"80";"2.66";"6509.94"
"Ростов-на-Дону <-> Азов";"56";"0";"2884.24"
"Ростов-на-Дону <-> Мюнхен";"26";"0";"1508.80"
"Аксай <-> Азов";"78";"32.76";"11305.77"
"Таганрог <-> Неклиновский район";"52";"29.94";"2449.21"
"Таганрог <-> Азов";"58";"11.81";"1415.23"
"Неклиновский район <-> Азов";"33";"0";"1586.64"
"Мюнхен <-> Аугсбург";"25";"0";"512.08"
"Мюнхен <-> Регенсбург";"16";"30.25";"403.78"
"Нюрнберг <-> Регенсбург";"29";"0";"1646.97"
"Нюрнберг <-> Аугсбург";"13";"0.81";"1088.84"
"Аугсбург <-> Регенсбург";"17";"29.93";"252.02"
"Ростов-на-Дону <-> Аксай";"81";"22.11";"6532.05"
"Ростов-на-Дону <-> Азов";"56";"0";"2884.24"
"Ростов-на-Дону <-> Мюнхен";"26";"0";"1508.80"
"Аксай <-> Азов";"79";"3.40";"11309.17"
"Таганрог <-> Неклиновский район";"53";"45.72";"2494.93"
"Таганрог <-> Азов";"59";"10.03";"1425.26"
"Неклиновский район <-> Азов";"33";"0";"1586.64"
"Мюнхен <-> Аугсбург";"25";"0";"512.08"
"Мюнхен <-> Регенсбург";"17";"1.72";"405.50"
"Нюрнберг <-> Регенсбург";"29";"0";"1646.97"
"Нюрнберг <-> Аугсбург";"13";"0";"1088.84"
"Аугсбург <-> Регенсбург";"17";"0";"252.02"
"Ростов-на-Дону <-> Аксай";"82";"35.58";"6567.63"
"Ростов-на-Дону <-> Азов";"56";"0";"2884.24"
"Ростов-на-Дону <-> Мюнхен";"26";"0";"1508.80"
"Аксай <-> Азов";"80";"82.75";"11391.92"
"Таганрог <-> Неклиновский район";"54";"19.42";"2514.35"
"Таганрог <-> Азов";"60";"47.42";"1472.68"
"Неклиновский район <-> Азов";"33";"0";"1586.64"
"Мюнхен <-> Аугсбург";"25";"0";"512.08"
"Мюнхен <-> Регенсбург";"17";"0";"405.50"
"Нюрнберг <-> Регенсбург";"29";"0";"1646.97"
"Нюрнберг <-> Аугсбург";"13";"0";"1088.84"
"Аугсбург <-> Регенсбург";"17";"0";"252.02"
"Ростов-на-Дону <-> Аксай";"83";"27.64";"6595.27"
"Ростов-на-Дону <-> Азов";"57";"12.54";"2896.78"
"Ростов-на-Дону <-> Мюнхен";"26";"0";"1508.80"
"Аксай <-> Азов";"81";"47.85";"11439.77"
"Таганрог <-> Неклиновский район";"55";"15.15";"2529.51"
"Таганрог <-> Азов";"61";"40.57";"1513.25"
"Неклиновский район <-> Азов";"33";"0";"1586.64"
"Мюнхен <-> Аугсбург";"25";"0";"512.08"
"Мюнхен <-> Регенсбург";"18";"18.92";"424.41"
"Нюрнберг <-> Регенсбург";"29";"0";"1646.97"
"Нюрнберг <-> Аугсбург";"14";"4.73";"1093.58"
"Аугсбург <-> Регенсбург";"18";"28.03";"280.06"
"Ростов-на-Дону <-> Аксай";"84";"0.43";"6595.70"
"Ростов-на-Дону <-> Азов";"58";"10.03";"2906.81"
"Ростов-на-Дону <-> Мюнхен";"26";"0";"1508.80"
"Аксай <-> Азов";"81";"0";"11439.77"
"Таганрог <-> Неклиновский район";"56";"32.41";"2561.91"
"Таганрог <-> Азов";"62";"66.13";"1579.38"
"Неклиновский район <-> Азов";"34";"4.87";"1591.51"
"Мюнхен <-> Аугсбург";"25";"0";"512.08"
"Мюнхен <-> Регенсбург";"19";"11.77";"436.18"
"Нюрнберг <-> Регенсбург";"29";"0";"1646.97"
"Нюрнберг <-> Аугсбург";"14";"0";"1093.58"
"Аугсбург <-> Регенсбург";"18";"0";"280.06"
"Ростов-на-Дону <-> Аксай";"85";"31.63";"6627.33"
"Ростов-на-Дону <-> Азов";"59";"48.22";"2955.03"
"Ростов-на-Дону <-> Мюнхен";"26";"0";"1508.80"
"Аксай <-> Азов";"82";"4.21";"11443.98"
"Таганрог <-> Неклиновский район";"57";"7.44";"2569.35"
"Таганрог <-> Азов";"63";"5.90";"1585.28"
"Неклиновский район <-> Азов";"34";"0";"1591.51"
"Мюнхен <-> Аугсбург";"25";"0";"512.08"
"Мюнхен <-> Регенсбург";"19";"0";"436.18"
"Нюрнберг <-> Регенсбург";"29";"0";"1646.97"
"Нюрнберг <-> Аугсбург";"14";"0";"1093.58"
"Аугсбург <-> Регенсбург";"18";"0";"280.06"
"Ростов-на-Дону <-> Аксай";"86";"51.30";"6678.63"
"Ростов-на-Дону <-> Азов";"60";"82.65";"3037.68"
"Ростов-на-Дону <-> Мюнхен";"27";"15.13";"1523.93"
"Аксай <-> Азов";"83";"1.64";"11445.62"
"Таганрог <-> Неклиновский район";"58";"25.94";"2595.29"
"Таганрог <-> Азов";"64";"23.67";"1608.95"
"Неклиновский район <-> Азов";"34";"0";"1591.51"
"Мюнхен <-> Аугсбург";"25";"0";"512.08"
"Мюнхен <-> Регенсбург";"19";"0";"436.18"
"Нюрнберг <-> Регенсбург";"29";"0";"1646.97"
"Нюрнберг <-> Аугсбург";"14";"0";"1093.58"
"Аугсбург <-> Регенсбург";"18";"0";"280.06"
"Ростов-на-Дону <-> Аксай";"87";"48.57";"6727.20"
"Ростов-на-Дону <-> Азов";"61";"12.38";"3050.06"
"Ростов-на-Дону <-> Мюнхен";"27";"0";"1523.93"
"Аксай <-> Азов";"84";"10.88";"11456.49"
"Таганрог <-> Неклиновский район";"59";"21.86";"2617.15"
"Таганрог <-> Азов";"64";"0";"1608.95"
"Неклиновский район <-> Азов";"35";"1.72";"1593.23"
"Мюнхен <-> Аугсбург";"25";"0";"512.08"
"Мюнхен <-> Регенсбург";"19";"0";"436.18"
"Нюрнберг <-> Регенсбург";"29";"0";"1646.97"
"Нюрнберг <-> Аугсбург";"14";"0";"1093.58"
"Аугсбург <-> Регенсбург";"19";"11.89";"291.95"
"Ростов-на-Дону <-> Аксай";"88";"25.68";"6752.89"
"Ростов-на-Дону <-> Азов";"62";"46.11";"3096.17"
"Ростов-на-Дону <-> Мюнхен";"27";"0";"1523.93"
"Аксай <-> Азов";"85";"13.18";"11469.68"
"Таганрог <-> Неклиновский район";"60";"12.95";"2630.10"
"Таганрог <-> Азов";"65";"39.84";"1648.78"
"Неклиновский район <-> Азов";"35";"0";"1593.23"
"Мюнхен <-> Аугсбург";"25";"0";"512.08"
"Мюнхен <-> Регенсбург";"19";"0";"436.18"
"Нюрнберг <-> Регенсбург";"29";"0";"1646.97"
"Нюрнберг <-> Аугсбург";"14";"0";"1093.58"
"Аугсбург <-> Регенсбург";"20";"5.01";"296.96"
"Ростов-на-Дону <-> Аксай";"89";"155.75";"6908.64"
"Ростов-на-Дону <-> Азов";"63";"60.50";"3156.66"
"Ростов-на-Дону <-> Мюнхен";"27";"0";"1523.93"
"Аксай <-> Азов";"86";"161.32";"11630.99"
"Таганрог <-> Неклиновский район";"61";"167.79";"2797.90"
"Таганрог <-> Азов";"65";"0";"1648.78"
"Неклиновский район <-> Азов";"35";"0";"1593.23"
"Мюнхен <-> Аугсбург";"25";"0";"512.08"
"Мюнхен <-> Регенсбург";"19";"0";"436.18"
"Нюрнберг <-> Регенсбург";"30";"36.30";"1683.27"
"Нюрнберг <-> Аугсбург";"14";"0";"1093.58"
"Аугсбург <-> Регенсбург";"20";"0";"296.96"
"Ростов-на-Дону <-> Аксай";"90";"39.96";"6948.59"
"Ростов-на-Дону <-> Азов";"63";"0";"3156.66"
"Ростов-на-Дону <-> Мюнхен";"27";"0";"1523.93"
"Аксай <-> Азов";"86";"0";"11630.99"
"Таганрог <-> Неклиновский район";"62";"7.68";"2805.58"
"Таганрог <-> Азов";"66";"8.52";"1657.30"
"Неклиновский район <-> Азов";"36";"16.95";"1610.17"
"Мюнхен <-> Аугсбург";"25";"0";"512.08"
"Мюнхен <-> Регенсбург";"19";"0";"436.18"
"Нюрнберг <-> Регенсбург";"30";"0";"1683.27"
"Нюрнберг <-> Аугсбург";"14";"0";"1093.58"
"Аугсбург <-> Регенсбург";"20";"0";"296.96"
"Ростов-на-Дону <-> Аксай";"91";"53.29";"7001.88"
"Ростов-на-Дону <-> Азов";"64";"10.18";"3166.84"
"Ростов-на-Дону <-> Мюнхен";"27";"0";"1523.93"
"Аксай <-> Азов";"87";"141.30";"11772.29"
"Таганрог <-> Неклиновский район";"63";"5.47";"2811.04"
"Таганрог <-> Азов";"67";"25.80";"1683.10"
"Неклиновский район <-> Азов";"36";"0";"1610.17"
"Мюнхен <-> Аугсбург";"26";"8.90";"520.99"
"Мюнхен <-> Регенсбург";"19";"0";"436.18"
"Нюрнберг <-> Регенсбург";"30";"0";"1683.27"
"Нюрнберг <-> Аугсбург";"14";"0";"1093.58"
"Аугсбург <-> Регенсбург";"21";"7.72";"304.68"
"Ростов-на-Дону <-> Аксай";"92";"64.85";"7066.73"
"Ростов-на-Дону <-> Азов";"65";"7.81";"3174.65"
"Ростов-на-Дону <-> Мюнхен";"27";"0";"1523.93"
"Аксай <-> Азов";"88";"116.29";"11888.59"
"Таганрог <-> Неклиновский район";"63";"0";"2811.04"
"Таганрог <-> Азов";"68";"22.87";"1705.98"
"Неклиновский район <-> Азов";"37";"7.66";"1617.83"
"Мюнхен <-> Аугсбург";"26";"0";"520.99"
"Мюнхен <-> Регенсбург";"19";"0";"436.18"
"Нюрнберг <-> Регенсбург";"30";"0";"1683.27"
"Нюрнберг <-> Аугсбург";"14";"0";"1093.58"
"Аугсбург <-> Регенсбург";"21";"0";"304.68"
"Ростов-на-Дону <-> Аксай";"93";"73.42";"7140.15"
"Ростов-на-Дону <-> Азов";"65";"0";"3174.65"
"Ростов-на-Дону <-> Мюнхен";"27";"0";"1523.93"
"Аксай <-> Азов";"89";"113.99";"12002.57"
"Таганрог <-> Неклиновский район";"64";"7.56";"2818.60"
"Таганрог <-> Азов";"68";"0";"1705.98"
"Неклиновский район <-> Азов";"37";"0";"1617.83"
"Мюнхен <-> Аугсбург";"27";"18.60";"539.58"
"Мюнхен <-> Регенсбург";"20";"14.40";"450.58"
"Нюрнберг <-> Регенсбург";"30";"0";"1683.27"
"Нюрнберг <-> Аугсбург";"14";"0";"1093.58"
"Аугсбург <-> Регенсбург";"21";"0";"304.68"
"Ростов-на-Дону <-> Аксай";"94";"23.22";"7163.37"
"Ростов-на-Дону <-> Азов";"65";"0";"3174.65"
"Ростов-на-Дону <-> Мюнхен";"27";"0";"1523.93"
"Аксай <-> Азов";"90";"67.48";"12070.05"
"Таганрог <-> Неклиновский район";"64";"0";"2818.60"
"Таганрог <-> Азов";"69";"13.93";"1719.91"
"Неклиновский район <-> Азов";"37";"0";"1617.83"
"Мюнхен <-> Аугсбург";"27";"0";"539.58"
"Мюнхен <-> Регенсбург";"20";"0";"450.58"
"Нюрнберг <-> Регенсбург";"30";"0";"1683.27"
"Нюрнберг <-> Аугсбург";"14";"0";"1093.58"
"Аугсбург <-> Регенсбург";"21";"0";"304.68"
"Ростов-на-Дону <-> Аксай";"95";"29.54";"7192.91"
"Ростов-на-Дону <-> Азов";"66";"28.69";"3203.34"
"Ростов-на-Дону <-> Мюнхен";"27";"0";"1523.93"
"Аксай <-> Азов";"90";"0";"12070.05"
"Таганрог <-> Неклиновский район";"65";"25.81";"2844.42"
"Таганрог <-> Азов";"69";"0";"1719.91"
"Неклиновский район <-> Азов";"37";"0";"1617.83"
"Мюнхен <-> Аугсбург";"27";"0";"539.58"
"Мюнхен <-> Регенсбург";"20";"0";"450.58"
"Нюрнберг <-> Регенсбург";"30";"0";"1683.27"
"Нюрнберг <-> Аугсбург";"14";"0";"1093.58"
"Аугсбург <-> Регенсбург";"21";"0";"304.68"
"Ростов-на-Дону <-> Аксай";"96";"67.84";"7260.74"
"Ростов-на-Дону <-> Азов";"67";"24.57";"3227.91"
"Ростов-на-Дону <-> Мюнхен";"27";"0";"1523.93"
"Аксай <-> Азов";"91";"10.27";"12080.32"
"Таганрог <-> Неклиновский район";"66";"21.75";"2866.17"
"Таганрог <-> Азов";"69";"0";"1719.91"
"Неклиновский район <-> Азов";"37";"0";"1617.83"
"Мюнхен <-> Аугсбург";"27";"0";"539.58"
"Мюнхен <-> Регенсбург";"21";"8.40";"458.98"
"Нюрнберг <-> Регенсбург";"30";"0";"1683.27"
"Нюрнберг <-> Аугсбург";"14";"0";"1093.58"
"Аугсбург <-> Регенсбург";"21";"0";"304.68"
"Ростов-на-Дону <-> Аксай";"97";"74.75";"7335.49"
"Ростов-на-Дону <-> Азов";"67";"0";"3227.91"
"Ростов-на-Дону <-> Мюнхен";"27";"0";"1523.93"
"Аксай <-> Азов";"92";"0.47";"12080.79"
"Таганрог <-> Неклиновский район";"66";"0";"2866.17"
"Таганрог <-> Азов";"70";"12.13";"1732.04"
"Неклиновский район <-> Азов";"37";"0";"1617.83"
"Мюнхен <-> Аугсбург";"27";"0";"539.58"
"Мюнхен <-> Регенсбург";"22";"2.30";"461.29"
"Нюрнберг <-> Регенсбург";"30";"0";"1683.27"
"Нюрнберг <-> Аугсбург";"14";"0";"1093.58"
"Аугсбург <-> Регенсбург";"21";"0";"304.68"
"Ростов-на-Дону <-> Аксай";"98";"67.66";"7403.16"
"Ростов-на-Дону <-> Азов";"68";"14.18";"3242.08"
"Ростов-на-Дону <-> Мюнхен";"28";"2.80";"1526.74"
"Аксай <-> Азов";"93";"172.83";"12253.63"
"Таганрог <-> Неклиновский район";"67";"12.29";"2878.46"
"Таганрог <-> Азов";"71";"34.55";"1766.60"
"Неклиновский район <-> Азов";"37";"0";"1617.83"
"Мюнхен <-> Аугсбург";"27";"0";"539.58"
"Мюнхен <-> Регенсбург";"22";"0";"461.29"
"Нюрнберг <-> Регенсбург";"30";"0";"1683.27"
"Нюрнберг <-> Аугсбург";"14";"0";"1093.58"
"Аугсбург <-> Регенсбург";"21";"0";"304.68"
"Ростов-на-Дону <-> Аксай";"99";"40.85";"7444.00"
"Ростов-на-Дону <-> Азов";"68";"0";"3242.08"
"Ростов-на-Дону <-> Мюнхен";"28";"0";"1526.74"
"Аксай <-> Азов";"94";"190.93";"12444.56"
"Таганрог <-> Неклиновский район";"67";"0";"2878.46"
"Таганрог <-> Азов";"72";"28.99";"1795.58"
"Неклиновский район <-> Азов";"37";"0";"1617.83"
"Мюнхен <-> Аугсбург";"27";"0";"539.58"
"Мюнхен <-> Регенсбург";"22";"0";"461.29"
"Нюрнберг <-> Регенсбург";"30";"0";"1683.27"
"Нюрнберг <-> Аугсбург";"14";"0";"1093.58"
"Аугсбург <-> Регенсбург";"21";"0";"304.68"
"Ростов-на-Дону <-> Аксай";"100";"197.22";"7641.22"
"Ростов-на-Дону <-> Азов";"68";"0";"3242.08"
"Ростов-на-Дону <-> Мюнхен";"28";"0";"1526.74"
"Аксай <-> Азов";"95";"181.48";"12626.04"
"Таганрог <-> Неклиновский район";"68";"1.73";"2880.19"
"Таганрог <-> Азов";"72";"0";"1795.58"
"Неклиновский район <-> Азов";"37";"0";"1617.83"
"Мюнхен <-> Аугсбург";"27";"0";"539.58"
"Мюнхен <-> Регенсбург";"22";"0";"461.29"
"Нюрнберг <-> Регенсбург";"30";"0";"1683.27"
"Нюрнберг <-> Аугсбург";"14";"0";"1093.58"
"Аугсбург <-> Регенсбург";"21";"0";"304.68"
"Ростов-на-Дону <-> Аксай";"101";"31.50";"7672.72"
"Ростов-на-Дону <-> Азов";"68";"0";"3242.08"
"Ростов-на-Дону <-> Мюнхен";"28";"0";"1526.74"
"Аксай <-> Азов";"96";"111.98";"12738.02"
"Таганрог <-> Неклиновский район";"68";"0";"2880.19"
"Таганрог <-> Азов";"73";"15.28";"1810.86"
"Неклиновский район <-> Азов";"38";"5.38";"1623.21"
"Мюнхен <-> Аугсбург";"27";"0";"539.58"
"Мюнхен <-> Регенсбург";"22";"0";"461.29"
"Нюрнберг <-> Регенсбург";"31";"3.68";"1686.95"
"Нюрнберг <-> Аугсбург";"14";"0";"1093.58"
"Аугсбург <-> Регенсбург";"21";"0";"304.68"
"Ростов-на-Дону <-> Аксай";"102";"47.70";"7720.42"
"Ростов-на-Дону <-> Азов";"68";"0";"3242.08"
"Ростов-на-Дону <-> Мюнхен";"28";"0";"1526.74"
"Аксай <-> Азов";"97";"28.92";"12766.95"
"Таганрог <-> Неклиновский район";"69";"30.54";"2910.73"
"Таганрог <-> Азов";"74";"11.64";"1822.50"
"Неклиновский район <-> Азов";"39";"1.33";"1624.54"
"Мюнхен <-> Аугсбург";"27";"0";"539.58"
"Мюнхен <-> Регенсбург";"22";"0";"461.29"
"Нюрнберг <-> Регенсбург";"31";"0";"1686.95"
"Нюрнберг <-> Аугсбург";"14";"0";"1093.58"
"Аугсбург <-> Регенсбург";"21";"0";"304.68"
"Ростов-на-Дону <-> Аксай";"103";"42.20";"7762.62"
"Ростов-на-Дону <-> Азов";"68";"0";"3242.08"
"Ростов-на-Дону <-> Мюнхен";"28";"0";"1526.74"
"Аксай <-> Азов";"98";"7.92";"12774.86"
"Таганрог <-> Неклиновский район";"70";"46.25";"2956.98"
"Таганрог <-> Азов";"75";"72.78";"1895.28"
"Неклиновский район <-> Азов";"39";"0";"1624.54"
"Мюнхен <-> Аугсбург";"27";"0";"539.58"
"Мюнхен <-> Регенсбург";"22";"0";"461.29"
"Нюрнберг <-> Регенсбург";"31";"0";"1686.95"
"Нюрнберг <-> Аугсбург";"14";"0";"1093.58"
"Аугсбург <-> Регенсбург";"21";"0";"304.68"
"Ростов-на-Дону <-> Аксай";"104";"17.19";"7779.81"
"Ростов-на-Дону <-> Азов";"69";"5.53";"3247.61"
"Ростов-на-Дону <-> Мюнхен";"28";"0";"1526.74"
"Аксай <-> Азов";"99";"13.45";"12788.31"
"Таганрог <-> Неклиновский район";"70";"0";"2956.98"
"Таганрог <-> Азов";"76";"9.08";"1904.36"
"Неклиновский район <-> Азов";"39";"0";"1624.54"
"Мюнхен <-> Аугсбург";"27";"0";"539.58"
"Мюнхен <-> Регенсбург";"22";"0";"461.29"
"Нюрнберг <-> Регенсбург";"31";"0";"1686.95"
"Нюрнберг <-> Аугсбург";"14";"0";"1093.58"
"Аугсбург <-> Регенсбург";"21";"0";"304.68"
"Ростов-на-Дону <-> Аксай";"105";"12.89";"7792.70"
"Ростов-на-Дону <-> Азов";"69";"0";"3247.61"
"Ростов-на-Дону <-> Мюнхен";"28";"0";"1526.74"
"Аксай <-> Азов";"100";"174.50";"12962.81"
"Таганрог <-> Неклиновский район";"71";"12.70";"2969.68"
"Таганрог <-> Азов";"76";"0";"1904.36"
"Неклиновский район <-> Азов";"40";"11.69";"1636.23"
"Мюнхен <-> Аугсбург";"27";"0";"539.58"
"Мюнхен <-> Регенсбург";"22";"0";"461.29"
"Нюрнберг <-> Регенсбург";"31";"0";"1686.95"
"Нюрнберг <-> Аугсбург";"15";"7.45";"1101.03"
"Аугсбург <-> Регенсбург";"21";"0";"304.68"
"Ростов-на-Дону <-> Аксай";"106";"30.78";"7823.48"
"Ростов-на-Дону <-> Азов";"70";"4.13";"3251.74"
"Ростов-на-Дону <-> Мюнхен";"28";"0";"1526.74"
"Аксай <-> Азов";"101";"16.32";"12979.13"
"Таганрог <-> Неклиновский район";"71";"0";"2969.68"
"Таганрог <-> Азов";"77";"31.40";"1935.77"
"Неклиновский район <-> Азов";"40";"0";"1636.23"
"Мюнхен <-> Аугсбург";"27";"0";"539.58"
"Мюнхен <-> Регенсбург";"22";"0";"461.29"
"Нюрнберг <-> Регенсбург";"31";"0";"1686.95"
"Нюрнберг <-> Аугсбург";"15";"0";"1101.03"
"Аугсбург <-> Регенсбург";"21";"0";"304.68"
"Ростов-на-Дону <-> Аксай";"107";"26.45";"7849.93"
"Ростов-на-Дону <-> Азов";"70";"0";"3251.74"
"Ростов-на-Дону <-> Мюнхен";"28";"0";"1526.74"
"Аксай <-> Азов";"102";"4.10";"12983.22"
"Таганрог <-> Неклиновский район";"72";"1.40";"2971.08"
"Таганрог <-> Азов";"78";"5.90";"1941.67"
"Неклиновский район <-> Азов";"41";"22.08";"1658.31"
"Мюнхен <-> Аугсбург";"28";"11.14";"550.72"
"Мюнхен <-> Регенсбург";"22";"0";"461.29"
"Нюрнберг <-> Регенсбург";"31";"0";"1686.95"
"Нюрнберг <-> Аугсбург";"15";"0";"1101.03"
"Аугсбург <-> Регенсбург";"21";"0";"304.68"
"Ростов-на-Дону <-> Аксай";"108";"2.12";"7852.04"
"Ростов-на-Дону <-> Азов";"71";"32.75";"3284.50"
"Ростов-на-Дону <-> Мюнхен";"28";"0";"1526.74"
"Аксай <-> Азов";"103";"10.39";"12993.61"
"Таганрог <-> Неклиновский район";"73";"11.12";"2982.20"
"Таганрог <-> Азов";"79";"35.60";"1977.27"
"Неклиновский район <-> Азов";"41";"0";"1658.31"
"Мюнхен <-> Аугсбург";"28";"0";"550.72"
"Мюнхен <-> Регенсбург";"22";"0";"461.29"
"Нюрнберг <-> Регенсбург";"31";"0";"1686.95"
"Нюрнберг <-> Аугсбург";"15";"0";"1101.03"
"Аугсбург <-> Регенсбург";"21";"0";"304.68"
"Ростов-на-Дону <-> Аксай";"109";"27.71";"7879.76"
"Ростов-на-Дону <-> Азов";"72";"28.23";"3312.73"
"Ростов-на-Дону <-> Мюнхен";"28";"0";"1526.74"
"Аксай <-> Азов";"104";"16.58";"13010.19"
"Таганрог <-> Неклиновский район";"74";"8.53";"2990.73"
"Таганрог <-> Азов";"80";"50.18";"2027.45"
"Неклиновский район <-> Азов";"42";"13.23";"1671.54"
"Мюнхен <-> Аугсбург";"28";"0";"550.72"
"Мюнхен <-> Регенсбург";"22";"0";"461.29"
"Нюрнберг <-> Регенсбург";"31";"0";"1686.95"
"Нюрнберг <-> Аугсбург";"15";"0";"1101.03"
"Аугсбург <-> Регенсбург";"21";"0";"304.68"
"Ростов-на-Дону <-> Аксай";"110";"45.74";"7925.50"
"Ростов-на-Дону <-> Азов";"73";"174.49";"3487.22"
"Ростов-на-Дону <-> Мюнхен";"29";"106.99";"1633.73"
"Аксай <-> Азов";"105";"308.61";"13318.79"
"Таганрог <-> Неклиновский район";"75";"39.20";"3029.93"
"Таганрог <-> Азов";"81";"2.55";"2029.99"
"Неклиновский район <-> Азов";"43";"28.65";"1700.19"
"Мюнхен <-> Аугсбург";"28";"0";"550.72"
"Мюнхен <-> Регенсбург";"22";"0";"461.29"
"Нюрнберг <-> Регенсбург";"32";"9.30";"1696.25"
"Нюрнберг <-> Аугсбург";"15";"0";"1101.03"
"Аугсбург <-> Регенсбург";"21";"0";"304.68"
"Ростов-на-Дону <-> Аксай";"111";"1.40";"7926.90"
"Ростов-на-Дону <-> Азов";"73";"0";"3487.22"
"Ростов-на-Дону <-> Мюнхен";"30";"12.33";"1646.06"
"Аксай <-> Азов";"106";"32.30";"13351.09"
"Таганрог <-> Неклиновский район";"75";"0";"3029.93"
"Таганрог <-> Азов";"82";"38.62";"2068.61"
"Неклиновский район <-> Азов";"44";"22.27";"1722.46"
"Мюнхен <-> Аугсбург";"29";"14.63";"565.36"
"Мюнхен <-> Регенсбург";"23";"0.21";"461.50"
"Нюрнберг <-> Регенсбург";"32";"0";"1696.25"
"Нюрнберг <-> Аугсбург";"15";"0";"1101.03"
"Аугсбург <-> Регенсбург";"21";"0";"304.68"
"Ростов-на-Дону <-> Аксай";"112";"46.07";"7972.98"
"Ростов-на-Дону <-> Азов";"74";"2.81";"3490.03"
"Ростов-на-Дону <-> Мюнхен";"30";"0";"1646.06"
"Аксай <-> Азов";"107";"37.82";"13388.91"
"Таганрог <-> Неклиновский район";"76";"6.05";"3035.98"
"Таганрог <-> Азов";"83";"52.89";"2121.51"
"Неклиновский район <-> Азов";"44";"0";"1722.46"
"Мюнхен <-> Аугсбург";"29";"0";"565.36"
"Мюнхен <-> Регенсбург";"23";"0";"461.50"
"Нюрнберг <-> Регенсбург";"32";"0";"1696.25"
"Нюрнберг <-> Аугсбург";"15";"0";"1101.03"
"Аугсбург <-> Регенсбург";"21";"0";"304.68"
"Ростов-на-Дону <-> Аксай";"113";"74.75";"8047.73"
"Ростов-на-Дону <-> Азов";"74";"0";"3490.03"
"Ростов-на-Дону <-> Мюнхен";"30";"0";"1646.06"
"Аксай <-> Азов";"108";"2.10";"13391.01"
"Таганрог <-> Неклиновский район";"76";"0";"3035.98"
"Таганрог <-> Азов";"83";"0";"2121.51"
"Неклиновский район <-> Азов";"44";"0";"1722.46"
"Мюнхен <-> Аугсбург";"30";"51.44";"616.80"
"Мюнхен <-> Регенсбург";"24";"20.14";"481.64"
"Нюрнберг <-> Регенсбург";"32";"0";"1696.25"
"Нюрнберг <-> Аугсбург";"15";"0";"1101.03"
"Аугсбург <-> Регенсбург";"21";"0";"304.68"
"Ростов-на-Дону <-> Аксай";"114";"74.75";"8122.48"
"Ростов-на-Дону <-> Азов";"75";"13.57";"3503.60"
"Ростов-на-Дону <-> Мюнхен";"30";"0";"1646.06"
"Аксай <-> Азов";"109";"13.27";"13404.28"
"Таганрог <-> Неклиновский район";"77";"6.78";"3042.76"
"Таганрог <-> Азов";"84";"16.16";"2137.67"
"Неклиновский район <-> Азов";"44";"0";"1722.46"
"Мюнхен <-> Аугсбург";"31";"43.42";"660.22"
"Мюнхен <-> Регенсбург";"25";"12.87";"494.51"
"Нюрнберг <-> Регенсбург";"32";"0";"1696.25"
"Нюрнберг <-> Аугсбург";"15";"0";"1101.03"
"Аугсбург <-> Регенсбург";"21";"0";"304.68"
"Ростов-на-Дону <-> Аксай";"115";"64.56";"8187.04"
"Ростов-на-Дону <-> Азов";"75";"0";"3503.60"
"Ростов-на-Дону <-> Мюнхен";"30";"0";"1646.06"
"Аксай <-> Азов";"110";"20.27";"13424.55"
"Таганрог <-> Неклиновский район";"77";"0";"3042.76"
"Таганрог <-> Азов";"85";"12.44";"2150.11"
"Неклиновский район <-> Азов";"44";"0";"1722.46"
"Мюнхен <-> Аугсбург";"31";"0";"660.22"
"Мюнхен <-> Регенсбург";"25";"0";"494.51"
"Нюрнберг <-> Регенсбург";"32";"0";"1696.25"
"Нюрнберг <-> Аугсбург";"15";"0";"1101.03"
"Аугсбург <-> Регенсбург";"21";"0";"304.68"
"Ростов-на-Дону <-> Аксай";"116";"34.96";"8222.00"
"Ростов-на-Дону <-> Азов";"76";"4.86";"3508.46"
"Ростов-на-Дону <-> Мюнхен";"31";"26.54";"1672.59"
"Аксай <-> Азов";"111";"359.07";"13783.63"
"Таганрог <-> Неклиновский район";"78";"6.19";"3048.95"
"Таганрог <-> Азов";"86";"9.47";"2159.57"
"Неклиновский район <-> Азов";"45";"34.47";"1756.93"
"Мюнхен <-> Аугсбург";"32";"28.13";"688.35"
"Мюнхен <-> Регенсбург";"26";"9.88";"504.39"
"Нюрнберг <-> Регенсбург";"32";"0";"1696.25"
"Нюрнберг <-> Аугсбург";"15";"0";"1101.03"
"Аугсбург <-> Регенсбург";"21";"0";"304.68"
"Ростов-на-Дону <-> Аксай";"117";"331.03";"8553.03"
"Ростов-на-Дону <-> Азов";"77";"12.38";"3520.84"
"Ростов-на-Дону <-> Мюнхен";"31";"0";"1672.59"
"Аксай <-> Азов";"112";"293.80";"14077.42"
"Таганрог <-> Неклиновский район";"79";"6.81";"3055.76"
"Таганрог <-> Азов";"87";"26.66";"2186.23"
"Неклиновский район <-> Азов";"45";"0";"1756.93"
"Мюнхен <-> Аугсбург";"33";"2.18";"690.53"
"Мюнхен <-> Регенсбург";"26";"0";"504.39"
"Нюрнберг <-> Регенсбург";"32";"0";"1696.25"
"Нюрнберг <-> Аугсбург";"15";"0";"1101.03"
"Аугсбург <-> Регенсбург";"21";"0";"304.68"
"Ростов-на-Дону <-> Аксай";"118";"42.16";"8595.19"
"Ростов-на-Дону <-> Азов";"77";"0";"3520.84"
"Ростов-на-Дону <-> Мюнхен";"31";"0";"1672.59"
"Аксай <-> Азов";"112";"0";"14077.42"
"Таганрог <-> Неклиновский район";"80";"4.65";"3060.41"
"Таганрог <-> Азов";"88";"1.63";"2187.87"
"Неклиновский район <-> Азов";"46";"3.63";"1760.56"
"Мюнхен <-> Аугсбург";"34";"4.06";"694.59"
"Мюнхен <-> Регенсбург";"26";"0";"504.39"
"Нюрнберг <-> Регенсбург";"32";"0";"1696.25"
"Нюрнберг <-> Аугсбург";"15";"0";"1101.03"
"Аугсбург <-> Регенсбург";"21";"0";"304.68"
"Ростов-на-Дону <-> Аксай";"119";"60.38";"8655.57"
"Ростов-на-Дону <-> Азов";"77";"0";"3520.84"
"Ростов-на-Дону <-> Мюнхен";"31";"0";"1672.59"
"Аксай <-> Азов";"113";"17.91";"14095.33"
"Таганрог <-> Неклиновский район";"81";"28.45";"3088.86"
"Таганрог <-> Азов";"89";"19.19";"2207.06"
"Неклиновский район <-> Азов";"46";"0";"1760.56"
"Мюнхен <-> Аугсбург";"35";"21.03";"715.62"
"Мюнхен <-> Регенсбург";"26";"0";"504.39"
"Нюрнберг <-> Регенсбург";"32";"0";"1696.25"
"Нюрнберг <-> Аугсбург";"15";"0";"1101.03"
"Аугсбург <-> Регенсбург";"21";"0";"304.68"
"Ростов-на-Дону <-> Аксай";"120";"56.72";"8712.29"
"Ростов-на-Дону <-> Азов";"78";"7.84";"3528.68"
"Ростов-на-Дону <-> Мюнхен";"32";"25.65";"1698.24"
"Аксай <-> Азов";"114";"5.11";"14100.44"
"Таганрог <-> Неклиновский район";"82";"44.37";"3133.23"
"Таганрог <-> Азов";"90";"15.16";"2222.22"
"Неклиновский район <-> Азов";"46";"0";"1760.56"
"Мюнхен <-> Аугсбург";"35";"0";"715.62"
"Мюнхен <-> Регенсбург";"26";"0";"504.39"
"Нюрнберг <-> Регенсбург";"32";"0";"1696.25"
"Нюрнберг <-> Аугсбург";"15";"0";"1101.03"
"Аугсбург <-> Регенсбург";"21";"0";"304.68"
"Ростов-на-Дону <-> Аксай";"121";"33.35";"8745.64"
"Ростов-на-Дону <-> Азов";"79";"9.69";"3538.37"
"Ростов-на-Дону <-> Мюнхен";"32";"0";"1698.24"
"Аксай <-> Азов";"115";"9.53";"14109.97"
"Таганрог <-> Неклиновский район";"83";"18.21";"3151.43"
"Таганрог <-> Азов";"91";"7.02";"2229.23"
"Неклиновский район <-> Азов";"47";"17.22";"1777.78"
"Мюнхен <-> Аугсбург";"35";"0";"715.62"
"Мюнхен <-> Регенсбург";"26";"0";"504.39"
"Нюрнберг <-> Регенсбург";"32";"0";"1696.25"
"Нюрнберг <-> Аугсбург";"15";"0";"1101.03"
"Аугсбург <-> Регенсбург";"21";"0";"304.68"
